sequence,v115@vhH5DJOkBlgBzkBlmBcsBKtB3qB,v115@vhHT/IlgBypBlmBcsBOtB5oB3qB,v115@vhH5DJTfBllB3mBcsBKtBmpBlqB,v115@vhHNEJzgB3mBcsBNtBGqB5oBaqB,v115@vhHOEJlgBzkB0mB3qBFtB5oBisB
TTILJSZO,X,X,X,X,X
TTILJSOZ,X,X,X,X,X
TTILJZSO,X,X,X,X,X
TTILJZOS,X,X,X,X,X
TTILJOSZ,X,X,X,X,X
TTILJOZS,X,X,X,X,X
TTILSJZO,X,X,X,X,X
TTILSJOZ,X,X,X,X,X
TTILSZJO,X,X,X,X,X
TTILSZOJ,X,X,X,X,X
TTILSOJZ,X,X,X,X,X
TTILSOZJ,X,X,X,X,X
TTILZJSO,X,X,X,X,X
TTILZJOS,X,X,X,X,X
TTILZSJO,X,X,X,X,X
TTILZSOJ,X,X,X,X,X
TTILZOJS,X,X,X,X,X
TTILZOSJ,X,X,X,X,X
TTILOJSZ,X,X,X,X,X
TTILOJZS,X,X,X,X,X
TTILOSJZ,X,X,X,X,X
TTILOSZJ,X,X,X,X,X
TTILOZJS,X,X,X,X,X
TTILOZSJ,X,X,X,X,X
TTIJLSZO,X,X,X,X,X
TTIJLSOZ,X,X,X,X,X
TTIJLZSO,X,X,X,X,X
TTIJLZOS,X,X,X,X,X
TTIJLOSZ,X,X,X,X,X
TTIJLOZS,X,X,X,X,X
TTIJSLZO,X,X,X,X,X
TTIJSLOZ,X,X,X,X,X
TTIJSZLO,X,X,X,X,X
TTIJSZOL,X,X,X,X,X
TTIJSOLZ,X,X,X,X,X
TTIJSOZL,X,X,X,X,X
TTIJZLSO,X,X,X,X,X
TTIJZLOS,X,X,X,X,X
TTIJZSLO,X,X,X,X,X
TTIJZSOL,X,X,X,X,X
TTIJZOLS,X,X,X,X,X
TTIJZOSL,X,X,X,X,X
TTIJOLSZ,X,X,X,X,X
TTIJOLZS,X,X,X,X,X
TTIJOSLZ,X,X,X,X,X
TTIJOSZL,X,X,X,X,X
TTIJOZLS,X,X,X,X,X
TTIJOZSL,X,X,X,X,X
TTISLJZO,X,X,X,X,X
TTISLJOZ,X,X,X,X,X
TTISLZJO,X,X,X,X,X
TTISLZOJ,X,X,X,X,X
TTISLOJZ,X,X,X,X,X
TTISLOZJ,X,X,X,X,X
TTISJLZO,X,X,X,X,X
TTISJLOZ,X,X,X,X,X
TTISJZLO,X,X,X,X,X
TTISJZOL,X,X,X,X,X
TTISJOLZ,X,X,X,X,X
TTISJOZL,X,X,X,X,X
TTISZLJO,X,X,X,X,X
TTISZLOJ,X,X,X,X,X
TTISZJLO,X,X,X,X,X
TTISZJOL,X,X,X,X,X
TTISZOLJ,X,X,X,X,X
TTISZOJL,X,X,X,X,X
TTISOLJZ,X,X,X,X,X
TTISOLZJ,X,X,X,X,X
TTISOJLZ,X,X,X,X,X
TTISOJZL,X,X,X,X,X
TTISOZLJ,X,X,X,X,X
TTISOZJL,X,X,X,X,X
TTIZLJSO,X,X,X,X,X
TTIZLJOS,X,X,X,X,X
TTIZLSJO,X,X,X,X,X
TTIZLSOJ,X,X,X,X,X
TTIZLOJS,X,X,X,X,X
TTIZLOSJ,X,X,X,X,X
TTIZJLSO,X,X,X,X,X
TTIZJLOS,X,X,X,X,X
TTIZJSLO,X,X,X,X,X
TTIZJSOL,X,X,X,X,X
TTIZJOLS,X,X,X,X,X
TTIZJOSL,X,X,X,X,X
TTIZSLJO,X,X,X,X,X
TTIZSLOJ,X,X,X,X,X
TTIZSJLO,X,X,X,X,X
TTIZSJOL,X,X,X,X,X
TTIZSOLJ,X,X,X,X,X
TTIZSOJL,X,X,X,X,X
TTIZOLJS,X,X,X,X,X
TTIZOLSJ,X,X,X,X,X
TTIZOJLS,X,X,X,X,X
TTIZOJSL,X,X,X,X,X
TTIZOSLJ,X,X,X,X,X
TTIZOSJL,X,X,X,X,X
TTIOLJSZ,X,X,X,X,X
TTIOLJZS,X,X,X,X,X
TTIOLSJZ,X,X,X,X,X
TTIOLSZJ,X,X,X,X,X
TTIOLZJS,X,X,X,X,X
TTIOLZSJ,X,X,X,X,X
TTIOJLSZ,X,X,X,X,X
TTIOJLZS,X,X,X,X,X
TTIOJSLZ,X,X,X,X,X
TTIOJSZL,X,X,X,X,X
TTIOJZLS,X,X,X,X,X
TTIOJZSL,X,X,X,X,X
TTIOSLJZ,X,X,X,X,X
TTIOSLZJ,X,X,X,X,X
TTIOSJLZ,X,X,X,X,X
TTIOSJZL,X,X,X,X,X
TTIOSZLJ,X,X,X,X,X
TTIOSZJL,X,X,X,X,X
TTIOZLJS,X,X,X,X,X
TTIOZLSJ,X,X,X,X,X
TTIOZJLS,X,X,X,X,X
TTIOZJSL,X,X,X,X,X
TTIOZSLJ,X,X,X,X,X
TTIOZSJL,X,X,X,X,X
TTLIJSZO,X,X,X,X,X
TTLIJSOZ,X,X,X,X,X
TTLIJZSO,X,X,X,X,X
TTLIJZOS,X,X,X,X,X
TTLIJOSZ,X,X,X,X,X
TTLIJOZS,X,X,X,X,X
TTLISJZO,X,X,X,X,X
TTLISJOZ,X,X,X,X,X
TTLISZJO,X,X,X,X,X
TTLISZOJ,X,X,X,X,X
TTLISOJZ,X,X,X,X,X
TTLISOZJ,X,X,X,X,X
TTLIZJSO,X,X,X,X,X
TTLIZJOS,X,X,X,X,X
TTLIZSJO,X,X,X,X,X
TTLIZSOJ,X,X,X,X,X
TTLIZOJS,X,X,X,X,X
TTLIZOSJ,X,X,X,X,X
TTLIOJSZ,X,X,X,X,X
TTLIOJZS,X,X,X,X,X
TTLIOSJZ,X,X,X,X,X
TTLIOSZJ,X,X,X,X,X
TTLIOZJS,X,X,X,X,X
TTLIOZSJ,X,X,X,X,X
TTLJISZO,X,X,X,X,X
TTLJISOZ,X,X,X,X,X
TTLJIZSO,X,X,X,X,X
TTLJIZOS,X,X,X,X,X
TTLJIOSZ,X,X,X,X,X
TTLJIOZS,X,X,X,X,X
TTLJSIZO,X,X,X,X,X
TTLJSIOZ,X,X,X,X,X
TTLJSZIO,X,X,X,X,X
TTLJSZOI,X,X,X,X,X
TTLJSOIZ,X,X,X,X,X
TTLJSOZI,X,X,X,X,X
TTLJZISO,X,X,X,X,X
TTLJZIOS,X,X,X,X,X
TTLJZSIO,X,X,X,X,X
TTLJZSOI,X,X,X,X,X
TTLJZOIS,X,X,X,X,X
TTLJZOSI,X,X,X,X,X
TTLJOISZ,X,X,X,X,X
TTLJOIZS,X,X,X,X,X
TTLJOSIZ,X,X,X,X,X
TTLJOSZI,X,X,X,X,X
TTLJOZIS,X,X,X,X,X
TTLJOZSI,X,X,X,X,X
TTLSIJZO,X,X,X,X,X
TTLSIJOZ,X,X,X,X,X
TTLSIZJO,X,X,X,X,X
TTLSIZOJ,X,X,X,X,X
TTLSIOJZ,X,X,X,X,X
TTLSIOZJ,X,X,X,X,X
TTLSJIZO,X,X,X,X,X
TTLSJIOZ,X,X,X,X,X
TTLSJZIO,X,X,X,X,X
TTLSJZOI,X,X,X,X,X
TTLSJOIZ,X,X,X,X,X
TTLSJOZI,X,X,X,X,X
TTLSZIJO,X,X,X,X,X
TTLSZIOJ,X,X,X,X,X
TTLSZJIO,X,X,X,X,X
TTLSZJOI,X,X,X,X,X
TTLSZOIJ,X,X,X,X,X
TTLSZOJI,X,X,X,X,X
TTLSOIJZ,X,X,X,X,X
TTLSOIZJ,X,X,X,X,X
TTLSOJIZ,X,X,X,X,X
TTLSOJZI,X,X,X,X,X
TTLSOZIJ,X,X,X,X,X
TTLSOZJI,X,X,X,X,X
TTLZIJSO,X,X,X,X,X
TTLZIJOS,X,X,X,X,X
TTLZISJO,X,X,X,X,X
TTLZISOJ,X,X,X,X,X
TTLZIOJS,X,X,X,X,X
TTLZIOSJ,X,X,X,X,X
TTLZJISO,X,X,X,X,X
TTLZJIOS,X,X,X,X,X
TTLZJSIO,X,X,X,X,X
TTLZJSOI,X,X,X,X,X
TTLZJOIS,X,X,X,X,X
TTLZJOSI,X,X,X,X,X
TTLZSIJO,X,X,X,X,X
TTLZSIOJ,X,X,X,X,X
TTLZSJIO,X,X,X,X,X
TTLZSJOI,X,X,X,X,X
TTLZSOIJ,X,X,X,X,X
TTLZSOJI,X,X,X,X,X
TTLZOIJS,X,X,X,X,X
TTLZOISJ,X,X,X,X,X
TTLZOJIS,X,X,X,X,X
TTLZOJSI,X,X,X,X,X
TTLZOSIJ,X,X,X,X,X
TTLZOSJI,X,X,X,X,X
TTLOIJSZ,X,X,X,X,X
TTLOIJZS,X,X,X,X,X
TTLOISJZ,X,X,X,X,X
TTLOISZJ,X,X,X,X,X
TTLOIZJS,X,X,X,X,X
TTLOIZSJ,X,X,X,X,X
TTLOJISZ,X,X,X,X,X
TTLOJIZS,X,X,X,X,X
TTLOJSIZ,X,X,X,X,X
TTLOJSZI,X,X,X,X,X
TTLOJZIS,X,X,X,X,X
TTLOJZSI,X,X,X,X,X
TTLOSIJZ,X,X,X,X,X
TTLOSIZJ,X,X,X,X,X
TTLOSJIZ,X,X,X,X,X
TTLOSJZI,X,X,X,X,X
TTLOSZIJ,X,X,X,X,X
TTLOSZJI,X,X,X,X,X
TTLOZIJS,X,X,X,X,X
TTLOZISJ,X,X,X,X,X
TTLOZJIS,X,X,X,X,X
TTLOZJSI,X,X,X,X,X
TTLOZSIJ,X,X,X,X,X
TTLOZSJI,X,X,X,X,X
TTJILSZO,X,X,X,X,X
TTJILSOZ,X,X,X,X,X
TTJILZSO,X,X,X,X,X
TTJILZOS,X,X,X,X,X
TTJILOSZ,X,X,X,X,X
TTJILOZS,X,X,X,X,X
TTJISLZO,X,X,X,X,X
TTJISLOZ,X,X,X,X,X
TTJISZLO,X,X,X,X,X
TTJISZOL,X,X,X,X,X
TTJISOLZ,X,X,X,X,X
TTJISOZL,X,X,X,X,X
TTJIZLSO,X,X,X,X,X
TTJIZLOS,X,X,X,X,X
TTJIZSLO,X,X,X,X,X
TTJIZSOL,X,X,X,X,X
TTJIZOLS,X,X,X,X,X
TTJIZOSL,X,X,X,X,X
TTJIOLSZ,X,X,X,X,X
TTJIOLZS,X,X,X,X,X
TTJIOSLZ,X,X,X,X,X
TTJIOSZL,X,X,X,X,X
TTJIOZLS,X,X,X,X,X
TTJIOZSL,X,X,X,X,X
TTJLISZO,X,X,X,X,X
TTJLISOZ,X,X,X,X,X
TTJLIZSO,X,X,X,X,X
TTJLIZOS,X,X,X,X,X
TTJLIOSZ,X,X,X,X,X
TTJLIOZS,X,X,X,X,X
TTJLSIZO,X,X,X,X,X
TTJLSIOZ,X,X,X,X,X
TTJLSZIO,X,X,X,X,X
TTJLSZOI,X,X,X,X,X
TTJLSOIZ,X,X,X,X,X
TTJLSOZI,X,X,X,X,X
TTJLZISO,X,X,X,X,X
TTJLZIOS,X,X,X,X,X
TTJLZSIO,X,X,X,X,X
TTJLZSOI,X,X,X,X,X
TTJLZOIS,X,X,X,X,X
TTJLZOSI,X,X,X,X,X
TTJLOISZ,X,X,X,X,X
TTJLOIZS,X,X,X,X,X
TTJLOSIZ,X,X,X,X,X
TTJLOSZI,X,X,X,X,X
TTJLOZIS,X,X,X,X,X
TTJLOZSI,X,X,X,X,X
TTJSILZO,X,X,X,X,X
TTJSILOZ,X,X,X,X,X
TTJSIZLO,X,X,X,X,X
TTJSIZOL,X,X,X,X,X
TTJSIOLZ,X,X,X,X,X
TTJSIOZL,X,X,X,X,X
TTJSLIZO,X,X,X,X,X
TTJSLIOZ,X,X,X,X,X
TTJSLZIO,X,X,X,X,X
TTJSLZOI,X,X,X,X,X
TTJSLOIZ,X,X,X,X,X
TTJSLOZI,X,X,X,X,X
TTJSZILO,X,X,X,X,X
TTJSZIOL,X,X,X,X,X
TTJSZLIO,X,X,X,X,X
TTJSZLOI,X,X,X,X,X
TTJSZOIL,X,X,X,X,X
TTJSZOLI,X,X,X,X,X
TTJSOILZ,X,X,X,X,X
TTJSOIZL,X,X,X,X,X
TTJSOLIZ,X,X,X,X,X
TTJSOLZI,X,X,X,X,X
TTJSOZIL,X,X,X,X,X
TTJSOZLI,X,X,X,X,X
TTJZILSO,X,X,X,X,X
TTJZILOS,X,X,X,X,X
TTJZISLO,X,X,X,X,X
TTJZISOL,X,X,X,X,X
TTJZIOLS,X,X,X,X,X
TTJZIOSL,X,X,X,X,X
TTJZLISO,X,X,X,X,X
TTJZLIOS,X,X,X,X,X
TTJZLSIO,X,X,X,X,X
TTJZLSOI,X,X,X,X,X
TTJZLOIS,X,X,X,X,X
TTJZLOSI,X,X,X,X,X
TTJZSILO,X,X,X,X,X
TTJZSIOL,X,X,X,X,X
TTJZSLIO,X,X,X,X,X
TTJZSLOI,X,X,X,X,X
TTJZSOIL,X,X,X,X,X
TTJZSOLI,X,X,X,X,X
TTJZOILS,X,X,X,X,X
TTJZOISL,X,X,X,X,X
TTJZOLIS,X,X,X,X,X
TTJZOLSI,X,X,X,X,X
TTJZOSIL,X,X,X,X,X
TTJZOSLI,X,X,X,X,X
TTJOILSZ,X,X,X,X,X
TTJOILZS,X,X,X,X,X
TTJOISLZ,X,X,X,X,X
TTJOISZL,X,X,X,X,X
TTJOIZLS,X,X,X,X,X
TTJOIZSL,X,X,X,X,X
TTJOLISZ,X,X,X,X,X
TTJOLIZS,X,X,X,X,X
TTJOLSIZ,X,X,X,X,X
TTJOLSZI,X,X,X,X,X
TTJOLZIS,X,X,X,X,X
TTJOLZSI,X,X,X,X,X
TTJOSILZ,X,X,X,X,X
TTJOSIZL,X,X,X,X,X
TTJOSLIZ,X,X,X,X,X
TTJOSLZI,X,X,X,X,X
TTJOSZIL,X,X,X,X,X
TTJOSZLI,X,X,X,X,X
TTJOZILS,X,X,X,X,X
TTJOZISL,X,X,X,X,X
TTJOZLIS,X,X,X,X,X
TTJOZLSI,X,X,X,X,X
TTJOZSIL,X,X,X,X,X
TTJOZSLI,X,X,X,X,X
TTSILJZO,X,X,X,X,X
TTSILJOZ,X,X,X,X,X
TTSILZJO,X,X,X,X,X
TTSILZOJ,X,X,X,X,X
TTSILOJZ,X,X,X,X,X
TTSILOZJ,X,X,X,X,X
TTSIJLZO,X,X,X,X,X
TTSIJLOZ,X,X,X,X,X
TTSIJZLO,X,X,X,X,X
TTSIJZOL,X,X,X,X,X
TTSIJOLZ,X,X,X,X,X
TTSIJOZL,X,X,X,X,X
TTSIZLJO,X,X,X,X,X
TTSIZLOJ,X,X,X,X,X
TTSIZJLO,X,X,X,X,X
TTSIZJOL,X,X,X,X,X
TTSIZOLJ,X,X,X,X,X
TTSIZOJL,X,X,X,X,X
TTSIOLJZ,X,X,X,X,X
TTSIOLZJ,X,X,X,X,X
TTSIOJLZ,X,X,X,X,X
TTSIOJZL,X,X,X,X,X
TTSIOZLJ,X,X,X,X,X
TTSIOZJL,X,X,X,X,X
TTSLIJZO,X,X,X,X,X
TTSLIJOZ,X,X,X,X,X
TTSLIZJO,X,X,X,X,X
TTSLIZOJ,X,X,X,X,X
TTSLIOJZ,X,X,X,X,X
TTSLIOZJ,X,X,X,X,X
TTSLJIZO,X,X,X,X,X
TTSLJIOZ,X,X,X,X,X
TTSLJZIO,X,X,X,X,X
TTSLJZOI,X,X,X,X,X
TTSLJOIZ,X,X,X,X,X
TTSLJOZI,X,X,X,X,X
TTSLZIJO,X,X,X,X,X
TTSLZIOJ,X,X,X,X,X
TTSLZJIO,X,X,X,X,X
TTSLZJOI,X,X,X,X,X
TTSLZOIJ,X,X,X,X,X
TTSLZOJI,X,X,X,X,X
TTSLOIJZ,X,X,X,X,X
TTSLOIZJ,X,X,X,X,X
TTSLOJIZ,X,X,X,X,X
TTSLOJZI,X,X,X,X,X
TTSLOZIJ,X,X,X,X,X
TTSLOZJI,X,X,X,X,X
TTSJILZO,X,X,X,X,X
TTSJILOZ,X,X,X,X,X
TTSJIZLO,X,X,X,X,X
TTSJIZOL,X,X,X,X,X
TTSJIOLZ,X,X,X,X,X
TTSJIOZL,X,X,X,X,X
TTSJLIZO,X,X,X,X,X
TTSJLIOZ,X,X,X,X,X
TTSJLZIO,X,X,X,X,X
TTSJLZOI,X,X,X,X,X
TTSJLOIZ,X,X,X,X,X
TTSJLOZI,X,X,X,X,X
TTSJZILO,X,X,X,X,X
TTSJZIOL,X,X,X,X,X
TTSJZLIO,X,X,X,X,X
TTSJZLOI,X,X,X,X,X
TTSJZOIL,X,X,X,X,X
TTSJZOLI,X,X,X,X,X
TTSJOILZ,X,X,X,X,X
TTSJOIZL,X,X,X,X,X
TTSJOLIZ,X,X,X,X,X
TTSJOLZI,X,X,X,X,X
TTSJOZIL,X,X,X,X,X
TTSJOZLI,X,X,X,X,X
TTSZILJO,X,X,X,X,X
TTSZILOJ,X,X,X,X,X
TTSZIJLO,X,X,X,X,X
TTSZIJOL,X,X,X,X,X
TTSZIOLJ,X,X,X,X,X
TTSZIOJL,X,X,X,X,X
TTSZLIJO,X,X,X,X,X
TTSZLIOJ,X,X,X,X,X
TTSZLJIO,X,X,X,X,X
TTSZLJOI,X,X,X,X,X
TTSZLOIJ,X,X,X,X,X
TTSZLOJI,X,X,X,X,X
TTSZJILO,X,X,X,X,X
TTSZJIOL,X,X,X,X,X
TTSZJLIO,X,X,X,X,X
TTSZJLOI,X,X,X,X,X
TTSZJOIL,X,X,X,X,X
TTSZJOLI,X,X,X,X,X
TTSZOILJ,X,X,X,X,X
TTSZOIJL,X,X,X,X,X
TTSZOLIJ,X,X,X,X,X
TTSZOLJI,X,X,X,X,X
TTSZOJIL,X,X,X,X,X
TTSZOJLI,X,X,X,X,X
TTSOILJZ,X,X,X,X,X
TTSOILZJ,X,X,X,X,X
TTSOIJLZ,X,X,X,X,X
TTSOIJZL,X,X,X,X,X
TTSOIZLJ,X,X,X,X,X
TTSOIZJL,X,X,X,X,X
TTSOLIJZ,X,X,X,X,X
TTSOLIZJ,X,X,X,X,X
TTSOLJIZ,X,X,X,X,X
TTSOLJZI,X,X,X,X,X
TTSOLZIJ,X,X,X,X,X
TTSOLZJI,X,X,X,X,X
TTSOJILZ,X,X,X,X,X
TTSOJIZL,X,X,X,X,X
TTSOJLIZ,X,X,X,X,X
TTSOJLZI,X,X,X,X,X
TTSOJZIL,X,X,X,X,X
TTSOJZLI,X,X,X,X,X
TTSOZILJ,X,X,X,X,X
TTSOZIJL,X,X,X,X,X
TTSOZLIJ,X,X,X,X,X
TTSOZLJI,X,X,X,X,X
TTSOZJIL,X,X,X,X,X
TTSOZJLI,X,X,X,X,X
TTZILJSO,X,X,X,X,X
TTZILJOS,X,X,X,X,X
TTZILSJO,X,X,X,X,X
TTZILSOJ,X,X,X,X,X
TTZILOJS,X,X,X,X,X
TTZILOSJ,X,X,X,X,X
TTZIJLSO,X,X,X,X,X
TTZIJLOS,X,X,X,X,X
TTZIJSLO,X,X,X,X,X
TTZIJSOL,X,X,X,X,X
TTZIJOLS,X,X,X,X,X
TTZIJOSL,X,X,X,X,X
TTZISLJO,X,X,X,X,X
TTZISLOJ,X,X,X,X,X
TTZISJLO,X,X,X,X,X
TTZISJOL,X,X,X,X,X
TTZISOLJ,X,X,X,X,X
TTZISOJL,X,X,X,X,X
TTZIOLJS,X,X,X,X,X
TTZIOLSJ,X,X,X,X,X
TTZIOJLS,X,X,X,X,X
TTZIOJSL,X,X,X,X,X
TTZIOSLJ,X,X,X,X,X
TTZIOSJL,X,X,X,X,X
TTZLIJSO,X,X,X,X,X
TTZLIJOS,X,X,X,X,X
TTZLISJO,X,X,X,X,X
TTZLISOJ,X,X,X,X,X
TTZLIOJS,X,X,X,X,X
TTZLIOSJ,X,X,X,X,X
TTZLJISO,X,X,X,X,X
TTZLJIOS,X,X,X,X,X
TTZLJSIO,X,X,X,X,X
TTZLJSOI,X,X,X,X,X
TTZLJOIS,X,X,X,X,X
TTZLJOSI,X,X,X,X,X
TTZLSIJO,X,X,X,X,X
TTZLSIOJ,X,X,X,X,X
TTZLSJIO,X,X,X,X,X
TTZLSJOI,X,X,X,X,X
TTZLSOIJ,X,X,X,X,X
TTZLSOJI,X,X,X,X,X
TTZLOIJS,X,X,X,X,X
TTZLOISJ,X,X,X,X,X
TTZLOJIS,X,X,X,X,X
TTZLOJSI,X,X,X,X,X
TTZLOSIJ,X,X,X,X,X
TTZLOSJI,X,X,X,X,X
TTZJILSO,X,X,X,X,X
TTZJILOS,X,X,X,X,X
TTZJISLO,X,X,X,X,X
TTZJISOL,X,X,X,X,X
TTZJIOLS,X,X,X,X,X
TTZJIOSL,X,X,X,X,X
TTZJLISO,X,X,X,X,X
TTZJLIOS,X,X,X,X,X
TTZJLSIO,X,X,X,X,X
TTZJLSOI,X,X,X,X,X
TTZJLOIS,X,X,X,X,X
TTZJLOSI,X,X,X,X,X
TTZJSILO,X,X,X,X,X
TTZJSIOL,X,X,X,X,X
TTZJSLIO,X,X,X,X,X
TTZJSLOI,X,X,X,X,X
TTZJSOIL,X,X,X,X,X
TTZJSOLI,X,X,X,X,X
TTZJOILS,X,X,X,X,X
TTZJOISL,X,X,X,X,X
TTZJOLIS,X,X,X,X,X
TTZJOLSI,X,X,X,X,X
TTZJOSIL,X,X,X,X,X
TTZJOSLI,X,X,X,X,X
TTZSILJO,X,X,X,X,X
TTZSILOJ,X,X,X,X,X
TTZSIJLO,X,X,X,X,X
TTZSIJOL,X,X,X,X,X
TTZSIOLJ,X,X,X,X,X
TTZSIOJL,X,X,X,X,X
TTZSLIJO,X,X,X,X,X
TTZSLIOJ,X,X,X,X,X
TTZSLJIO,X,X,X,X,X
TTZSLJOI,X,X,X,X,X
TTZSLOIJ,X,X,X,X,X
TTZSLOJI,X,X,X,X,X
TTZSJILO,X,X,X,X,X
TTZSJIOL,X,X,X,X,X
TTZSJLIO,X,X,X,X,X
TTZSJLOI,X,X,X,X,X
TTZSJOIL,X,X,X,X,X
TTZSJOLI,X,X,X,X,X
TTZSOILJ,X,X,X,X,X
TTZSOIJL,X,X,X,X,X
TTZSOLIJ,X,X,X,X,X
TTZSOLJI,X,X,X,X,X
TTZSOJIL,X,X,X,X,X
TTZSOJLI,X,X,X,X,X
TTZOILJS,X,X,X,X,X
TTZOILSJ,X,X,X,X,X
TTZOIJLS,X,X,X,X,X
TTZOIJSL,X,X,X,X,X
TTZOISLJ,X,X,X,X,X
TTZOISJL,X,X,X,X,X
TTZOLIJS,X,X,X,X,X
TTZOLISJ,X,X,X,X,X
TTZOLJIS,X,X,X,X,X
TTZOLJSI,X,X,X,X,X
TTZOLSIJ,X,X,X,X,X
TTZOLSJI,X,X,X,X,X
TTZOJILS,X,X,X,X,X
TTZOJISL,X,X,X,X,X
TTZOJLIS,X,X,X,X,X
TTZOJLSI,X,X,X,X,X
TTZOJSIL,X,X,X,X,X
TTZOJSLI,X,X,X,X,X
TTZOSILJ,X,X,X,X,X
TTZOSIJL,X,X,X,X,X
TTZOSLIJ,X,X,X,X,X
TTZOSLJI,X,X,X,X,X
TTZOSJIL,X,X,X,X,X
TTZOSJLI,X,X,X,X,X
TTOILJSZ,X,X,X,X,X
TTOILJZS,X,X,X,X,X
TTOILSJZ,X,X,X,X,X
TTOILSZJ,X,X,X,X,X
TTOILZJS,X,X,X,X,X
TTOILZSJ,X,X,X,X,X
TTOIJLSZ,X,X,X,X,X
TTOIJLZS,X,X,X,X,X
TTOIJSLZ,X,X,X,X,X
TTOIJSZL,X,X,X,X,X
TTOIJZLS,X,X,X,X,X
TTOIJZSL,X,X,X,X,X
TTOISLJZ,X,X,X,X,X
TTOISLZJ,X,X,X,X,X
TTOISJLZ,X,X,X,X,X
TTOISJZL,X,X,X,X,X
TTOISZLJ,X,X,X,X,X
TTOISZJL,X,X,X,X,X
TTOIZLJS,X,X,X,X,X
TTOIZLSJ,X,X,X,X,X
TTOIZJLS,X,X,X,X,X
TTOIZJSL,X,X,X,X,X
TTOIZSLJ,X,X,X,X,X
TTOIZSJL,X,X,X,X,X
TTOLIJSZ,X,X,X,X,X
TTOLIJZS,X,X,X,X,X
TTOLISJZ,X,X,X,X,X
TTOLISZJ,X,X,X,X,X
TTOLIZJS,X,X,X,X,X
TTOLIZSJ,X,X,X,X,X
TTOLJISZ,X,X,X,X,X
TTOLJIZS,X,X,X,X,X
TTOLJSIZ,X,X,X,X,X
TTOLJSZI,X,X,X,X,X
TTOLJZIS,X,X,X,X,X
TTOLJZSI,X,X,X,X,X
TTOLSIJZ,X,X,X,X,X
TTOLSIZJ,X,X,X,X,X
TTOLSJIZ,X,X,X,X,X
TTOLSJZI,X,X,X,X,X
TTOLSZIJ,X,X,X,X,X
TTOLSZJI,X,X,X,X,X
TTOLZIJS,X,X,X,X,X
TTOLZISJ,X,X,X,X,X
TTOLZJIS,X,X,X,X,X
TTOLZJSI,X,X,X,X,X
TTOLZSIJ,X,X,X,X,X
TTOLZSJI,X,X,X,X,X
TTOJILSZ,X,X,X,X,X
TTOJILZS,X,X,X,X,X
TTOJISLZ,X,X,X,X,X
TTOJISZL,X,X,X,X,X
TTOJIZLS,X,X,X,X,X
TTOJIZSL,X,X,X,X,X
TTOJLISZ,X,X,X,X,X
TTOJLIZS,X,X,X,X,X
TTOJLSIZ,X,X,X,X,X
TTOJLSZI,X,X,X,X,X
TTOJLZIS,X,X,X,X,X
TTOJLZSI,X,X,X,X,X
TTOJSILZ,X,X,X,X,X
TTOJSIZL,X,X,X,X,X
TTOJSLIZ,X,X,X,X,X
TTOJSLZI,X,X,X,X,X
TTOJSZIL,X,X,X,X,X
TTOJSZLI,X,X,X,X,X
TTOJZILS,X,X,X,X,X
TTOJZISL,X,X,X,X,X
TTOJZLIS,X,X,X,X,X
TTOJZLSI,X,X,X,X,X
TTOJZSIL,X,X,X,X,X
TTOJZSLI,X,X,X,X,X
TTOSILJZ,X,X,X,X,X
TTOSILZJ,X,X,X,X,X
TTOSIJLZ,X,X,X,X,X
TTOSIJZL,X,X,X,X,X
TTOSIZLJ,X,X,X,X,X
TTOSIZJL,X,X,X,X,X
TTOSLIJZ,X,X,X,X,X
TTOSLIZJ,X,X,X,X,X
TTOSLJIZ,X,X,X,X,X
TTOSLJZI,X,X,X,X,X
TTOSLZIJ,X,X,X,X,X
TTOSLZJI,X,X,X,X,X
TTOSJILZ,X,X,X,X,X
TTOSJIZL,X,X,X,X,X
TTOSJLIZ,X,X,X,X,X
TTOSJLZI,X,X,X,X,X
TTOSJZIL,X,X,X,X,X
TTOSJZLI,X,X,X,X,X
TTOSZILJ,X,X,X,X,X
TTOSZIJL,X,X,X,X,X
TTOSZLIJ,X,X,X,X,X
TTOSZLJI,X,X,X,X,X
TTOSZJIL,X,X,X,X,X
TTOSZJLI,X,X,X,X,X
TTOZILJS,X,X,X,X,X
TTOZILSJ,X,X,X,X,X
TTOZIJLS,X,X,X,X,X
TTOZIJSL,X,X,X,X,X
TTOZISLJ,X,X,X,X,X
TTOZISJL,X,X,X,X,X
TTOZLIJS,X,X,X,X,X
TTOZLISJ,X,X,X,X,X
TTOZLJIS,X,X,X,X,X
TTOZLJSI,X,X,X,X,X
TTOZLSIJ,X,X,X,X,X
TTOZLSJI,X,X,X,X,X
TTOZJILS,X,X,X,X,X
TTOZJISL,X,X,X,X,X
TTOZJLIS,X,X,X,X,X
TTOZJLSI,X,X,X,X,X
TTOZJSIL,X,X,X,X,X
TTOZJSLI,X,X,X,X,X
TTOZSILJ,X,X,X,X,X
TTOZSIJL,X,X,X,X,X
TTOZSLIJ,X,X,X,X,X
TTOZSLJI,X,X,X,X,X
TTOZSJIL,X,X,X,X,X
TTOZSJLI,X,X,X,X,X
TITLJSZO,X,X,X,X,X
TITLJSOZ,X,X,X,X,X
TITLJZSO,X,X,X,X,X
TITLJZOS,X,X,X,X,X
TITLJOSZ,X,X,X,X,X
TITLJOZS,X,X,X,X,X
TITLSJZO,X,X,X,X,X
TITLSJOZ,X,X,X,X,X
TITLSZJO,X,X,X,X,X
TITLSZOJ,X,X,X,X,X
TITLSOJZ,X,X,X,X,X
TITLSOZJ,X,X,X,X,X
TITLZJSO,X,X,X,X,X
TITLZJOS,X,X,X,X,X
TITLZSJO,X,X,X,X,X
TITLZSOJ,X,X,X,X,X
TITLZOJS,X,X,X,X,X
TITLZOSJ,X,X,X,X,X
TITLOJSZ,X,X,X,X,X
TITLOJZS,X,X,X,X,X
TITLOSJZ,X,X,X,X,X
TITLOSZJ,X,X,X,X,X
TITLOZJS,X,X,X,X,X
TITLOZSJ,X,X,X,X,X
TITJLSZO,X,X,X,X,X
TITJLSOZ,X,X,X,X,X
TITJLZSO,X,X,X,X,X
TITJLZOS,X,X,X,X,X
TITJLOSZ,X,X,X,X,X
TITJLOZS,X,X,X,X,X
TITJSLZO,X,X,X,X,X
TITJSLOZ,X,X,X,X,X
TITJSZLO,X,X,X,X,X
TITJSZOL,X,X,X,X,X
TITJSOLZ,X,X,X,X,X
TITJSOZL,X,X,X,X,X
TITJZLSO,X,X,X,X,X
TITJZLOS,X,X,X,X,X
TITJZSLO,X,X,X,X,X
TITJZSOL,X,X,X,X,X
TITJZOLS,X,X,X,X,X
TITJZOSL,X,X,X,X,X
TITJOLSZ,X,X,X,X,X
TITJOLZS,X,X,X,X,X
TITJOSLZ,X,X,X,X,X
TITJOSZL,X,X,X,X,X
TITJOZLS,X,X,X,X,X
TITJOZSL,X,X,X,X,X
TITSLJZO,X,X,X,X,X
TITSLJOZ,X,X,X,X,X
TITSLZJO,X,X,X,X,X
TITSLZOJ,X,X,X,X,X
TITSLOJZ,X,X,X,X,X
TITSLOZJ,X,X,X,X,X
TITSJLZO,X,X,X,X,X
TITSJLOZ,X,X,X,X,X
TITSJZLO,X,X,X,X,X
TITSJZOL,X,X,X,X,X
TITSJOLZ,X,X,X,X,X
TITSJOZL,X,X,X,X,X
TITSZLJO,X,X,X,X,X
TITSZLOJ,X,X,X,X,X
TITSZJLO,X,X,X,X,X
TITSZJOL,X,X,X,X,X
TITSZOLJ,X,X,X,X,X
TITSZOJL,X,X,X,X,X
TITSOLJZ,X,X,X,X,X
TITSOLZJ,X,X,X,X,X
TITSOJLZ,X,X,X,X,X
TITSOJZL,X,X,X,X,X
TITSOZLJ,X,X,X,X,X
TITSOZJL,X,X,X,X,X
TITZLJSO,X,X,X,X,X
TITZLJOS,X,X,X,X,X
TITZLSJO,X,X,X,X,X
TITZLSOJ,X,X,X,X,X
TITZLOJS,X,X,X,X,X
TITZLOSJ,X,X,X,X,X
TITZJLSO,X,X,X,X,X
TITZJLOS,X,X,X,X,X
TITZJSLO,X,X,X,X,X
TITZJSOL,X,X,X,X,X
TITZJOLS,X,X,X,X,X
TITZJOSL,X,X,X,X,X
TITZSLJO,X,X,X,X,X
TITZSLOJ,X,X,X,X,X
TITZSJLO,X,X,X,X,X
TITZSJOL,X,X,X,X,X
TITZSOLJ,X,X,X,X,X
TITZSOJL,X,X,X,X,X
TITZOLJS,X,X,X,X,X
TITZOLSJ,X,X,X,X,X
TITZOJLS,X,X,X,X,X
TITZOJSL,X,X,X,X,X
TITZOSLJ,X,X,X,X,X
TITZOSJL,X,X,X,X,X
TITOLJSZ,X,X,X,X,X
TITOLJZS,X,X,X,X,X
TITOLSJZ,X,X,X,X,X
TITOLSZJ,X,X,X,X,X
TITOLZJS,X,X,X,X,X
TITOLZSJ,X,X,X,X,X
TITOJLSZ,X,X,X,X,X
TITOJLZS,X,X,X,X,X
TITOJSLZ,X,X,X,X,X
TITOJSZL,X,X,X,X,X
TITOJZLS,X,X,X,X,X
TITOJZSL,X,X,X,X,X
TITOSLJZ,X,X,X,X,X
TITOSLZJ,X,X,X,X,X
TITOSJLZ,X,X,X,X,X
TITOSJZL,X,X,X,X,X
TITOSZLJ,X,X,X,X,X
TITOSZJL,X,X,X,X,X
TITOZLJS,X,X,X,X,X
TITOZLSJ,X,X,X,X,X
TITOZJLS,X,X,X,X,X
TITOZJSL,X,X,X,X,X
TITOZSLJ,X,X,X,X,X
TITOZSJL,X,X,X,X,X
TILTJSZO,X,X,X,X,X
TILTJSOZ,X,X,X,X,X
TILTJZSO,X,X,X,X,X
TILTJZOS,X,X,X,X,X
TILTJOSZ,X,X,X,X,X
TILTJOZS,X,X,X,X,X
TILTSJZO,X,X,X,X,X
TILTSJOZ,X,X,X,X,X
TILTSZJO,X,X,X,X,X
TILTSZOJ,X,X,X,X,X
TILTSOJZ,X,X,X,X,X
TILTSOZJ,X,X,X,X,X
TILTZJSO,X,X,X,X,X
TILTZJOS,X,X,X,X,X
TILTZSJO,X,X,X,X,X
TILTZSOJ,X,X,X,X,X
TILTZOJS,X,X,X,X,X
TILTZOSJ,X,X,X,X,X
TILTOJSZ,X,X,X,X,X
TILTOJZS,X,X,X,X,X
TILTOSJZ,X,X,X,X,X
TILTOSZJ,X,X,X,X,X
TILTOZJS,X,X,X,X,X
TILTOZSJ,X,X,X,X,X
TILJTSZO,X,X,X,X,X
TILJTSOZ,X,X,X,X,X
TILJTZSO,X,X,X,X,X
TILJTZOS,X,X,X,X,X
TILJTOSZ,X,X,X,X,X
TILJTOZS,X,X,X,X,X
TILJSTZO,X,X,X,X,X
TILJSTOZ,X,X,X,X,X
TILJSZTO,X,X,X,X,X
TILJSZOT,X,X,X,X,X
TILJSOTZ,X,X,X,X,X
TILJSOZT,X,X,X,X,X
TILJZTSO,X,X,X,X,X
TILJZTOS,X,X,X,X,X
TILJZSTO,X,X,X,X,X
TILJZSOT,X,X,X,X,X
TILJZOTS,X,X,X,X,X
TILJZOST,X,X,X,X,X
TILJOTSZ,X,X,X,X,X
TILJOTZS,X,X,X,X,X
TILJOSTZ,X,X,X,X,X
TILJOSZT,X,X,X,X,X
TILJOZTS,X,X,X,X,X
TILJOZST,X,X,X,X,X
TILSTJZO,X,X,X,X,X
TILSTJOZ,X,X,X,X,X
TILSTZJO,X,X,X,X,X
TILSTZOJ,X,X,X,X,X
TILSTOJZ,X,X,X,X,X
TILSTOZJ,X,X,X,X,X
TILSJTZO,X,X,X,X,X
TILSJTOZ,X,X,X,X,X
TILSJZTO,X,X,X,X,X
TILSJZOT,X,X,X,X,X
TILSJOTZ,X,X,X,X,X
TILSJOZT,X,X,X,X,X
TILSZTJO,X,X,X,X,X
TILSZTOJ,X,X,X,X,X
TILSZJTO,X,X,X,X,X
TILSZJOT,X,X,X,X,X
TILSZOTJ,X,X,X,X,X
TILSZOJT,X,X,X,X,X
TILSOTJZ,X,X,X,X,X
TILSOTZJ,X,X,X,X,X
TILSOJTZ,X,X,X,X,X
TILSOJZT,X,X,X,X,X
TILSOZTJ,X,X,X,X,X
TILSOZJT,X,X,X,X,X
TILZTJSO,X,X,X,X,X
TILZTJOS,X,X,X,X,X
TILZTSJO,X,X,X,X,X
TILZTSOJ,X,X,X,X,X
TILZTOJS,X,X,X,X,X
TILZTOSJ,X,X,X,X,X
TILZJTSO,X,X,X,X,X
TILZJTOS,X,X,X,X,X
TILZJSTO,X,X,X,X,X
TILZJSOT,X,X,X,X,X
TILZJOTS,X,X,X,X,X
TILZJOST,X,X,X,X,X
TILZSTJO,X,X,X,X,X
TILZSTOJ,X,X,X,X,X
TILZSJTO,X,X,X,X,X
TILZSJOT,X,X,X,X,X
TILZSOTJ,X,X,X,X,X
TILZSOJT,X,X,X,X,X
TILZOTJS,X,X,X,X,X
TILZOTSJ,X,X,X,X,X
TILZOJTS,X,X,X,X,X
TILZOJST,X,X,X,X,X
TILZOSTJ,X,X,X,X,X
TILZOSJT,X,X,X,X,X
TILOTJSZ,X,X,X,X,X
TILOTJZS,X,X,X,X,X
TILOTSJZ,X,X,X,X,X
TILOTSZJ,X,X,X,X,X
TILOTZJS,X,X,X,X,X
TILOTZSJ,X,X,X,X,X
TILOJTSZ,X,X,X,X,X
TILOJTZS,X,X,X,X,X
TILOJSTZ,X,X,X,X,X
TILOJSZT,X,X,X,X,X
TILOJZTS,X,X,X,X,X
TILOJZST,X,X,X,X,X
TILOSTJZ,X,X,X,X,X
TILOSTZJ,X,X,X,X,X
TILOSJTZ,X,X,X,X,X
TILOSJZT,X,X,X,X,X
TILOSZTJ,X,X,X,X,X
TILOSZJT,X,X,X,X,X
TILOZTJS,X,X,X,X,X
TILOZTSJ,X,X,X,X,X
TILOZJTS,X,X,X,X,X
TILOZJST,X,X,X,X,X
TILOZSTJ,X,X,X,X,X
TILOZSJT,X,X,X,X,X
TIJTLSZO,X,X,X,X,X
TIJTLSOZ,X,X,X,X,X
TIJTLZSO,X,X,X,X,X
TIJTLZOS,X,X,X,X,X
TIJTLOSZ,X,X,X,X,X
TIJTLOZS,X,X,X,X,X
TIJTSLZO,X,X,X,X,X
TIJTSLOZ,X,X,X,X,X
TIJTSZLO,X,X,X,X,X
TIJTSZOL,X,X,X,X,X
TIJTSOLZ,X,X,X,X,X
TIJTSOZL,X,X,X,X,X
TIJTZLSO,X,X,X,X,X
TIJTZLOS,X,X,X,X,X
TIJTZSLO,X,X,X,X,X
TIJTZSOL,X,X,X,X,X
TIJTZOLS,X,X,X,X,X
TIJTZOSL,X,X,X,X,X
TIJTOLSZ,X,X,X,X,X
TIJTOLZS,X,X,X,X,X
TIJTOSLZ,X,X,X,X,X
TIJTOSZL,X,X,X,X,X
TIJTOZLS,X,X,X,X,X
TIJTOZSL,X,X,X,X,X
TIJLTSZO,X,X,X,X,X
TIJLTSOZ,X,X,X,X,X
TIJLTZSO,X,X,X,X,X
TIJLTZOS,X,X,X,X,X
TIJLTOSZ,X,X,X,X,X
TIJLTOZS,X,X,X,X,X
TIJLSTZO,X,X,X,X,X
TIJLSTOZ,X,X,X,X,X
TIJLSZTO,X,X,X,X,X
TIJLSZOT,X,X,X,X,X
TIJLSOTZ,X,X,X,X,X
TIJLSOZT,X,X,X,X,X
TIJLZTSO,X,X,X,X,X
TIJLZTOS,X,X,X,X,X
TIJLZSTO,X,X,X,X,X
TIJLZSOT,X,X,X,X,X
TIJLZOTS,X,X,X,X,X
TIJLZOST,X,X,X,X,X
TIJLOTSZ,X,X,X,X,X
TIJLOTZS,X,X,X,X,X
TIJLOSTZ,X,X,X,X,X
TIJLOSZT,X,X,X,X,X
TIJLOZTS,X,X,X,X,X
TIJLOZST,X,X,X,X,X
TIJSTLZO,X,X,X,X,X
TIJSTLOZ,X,X,X,X,X
TIJSTZLO,X,X,X,X,X
TIJSTZOL,X,X,X,X,X
TIJSTOLZ,X,X,X,X,X
TIJSTOZL,X,X,X,X,X
TIJSLTZO,X,X,X,X,X
TIJSLTOZ,X,X,X,X,X
TIJSLZTO,X,X,X,X,X
TIJSLZOT,X,X,X,X,X
TIJSLOTZ,X,X,X,X,X
TIJSLOZT,X,X,X,X,X
TIJSZTLO,X,X,X,X,X
TIJSZTOL,X,X,X,X,X
TIJSZLTO,X,X,X,X,X
TIJSZLOT,X,X,X,X,X
TIJSZOTL,X,X,X,X,X
TIJSZOLT,X,X,X,X,X
TIJSOTLZ,X,X,X,X,X
TIJSOTZL,X,X,X,X,X
TIJSOLTZ,X,X,X,X,X
TIJSOLZT,X,X,X,X,X
TIJSOZTL,X,X,X,X,X
TIJSOZLT,X,X,X,X,X
TIJZTLSO,X,X,X,X,X
TIJZTLOS,X,X,X,X,X
TIJZTSLO,X,X,X,X,X
TIJZTSOL,X,X,X,X,X
TIJZTOLS,X,X,X,X,X
TIJZTOSL,X,X,X,X,X
TIJZLTSO,X,X,X,X,X
TIJZLTOS,X,X,X,X,X
TIJZLSTO,X,X,X,X,X
TIJZLSOT,X,X,X,X,X
TIJZLOTS,X,X,X,X,X
TIJZLOST,X,X,X,X,X
TIJZSTLO,X,X,X,X,X
TIJZSTOL,X,X,X,X,X
TIJZSLTO,X,X,X,X,X
TIJZSLOT,X,X,X,X,X
TIJZSOTL,X,X,X,X,X
TIJZSOLT,X,X,X,X,X
TIJZOTLS,X,X,X,X,X
TIJZOTSL,X,X,X,X,X
TIJZOLTS,X,X,X,X,X
TIJZOLST,X,X,X,X,X
TIJZOSTL,X,X,X,X,X
TIJZOSLT,X,X,X,X,X
TIJOTLSZ,X,X,X,X,X
TIJOTLZS,X,X,X,X,X
TIJOTSLZ,X,X,X,X,X
TIJOTSZL,X,X,X,X,X
TIJOTZLS,X,X,X,X,X
TIJOTZSL,X,X,X,X,X
TIJOLTSZ,X,X,X,X,X
TIJOLTZS,X,X,X,X,X
TIJOLSTZ,X,X,X,X,X
TIJOLSZT,X,X,X,X,X
TIJOLZTS,X,X,X,X,X
TIJOLZST,X,X,X,X,X
TIJOSTLZ,X,X,X,X,X
TIJOSTZL,X,X,X,X,X
TIJOSLTZ,X,X,X,X,X
TIJOSLZT,X,X,X,X,X
TIJOSZTL,X,X,X,X,X
TIJOSZLT,X,X,X,X,X
TIJOZTLS,X,X,X,X,X
TIJOZTSL,X,X,X,X,X
TIJOZLTS,X,X,X,X,X
TIJOZLST,X,X,X,X,X
TIJOZSTL,X,X,X,X,X
TIJOZSLT,X,X,X,X,X
TISTLJZO,X,X,X,X,X
TISTLJOZ,X,X,X,X,X
TISTLZJO,X,X,X,X,X
TISTLZOJ,X,X,X,X,X
TISTLOJZ,X,X,X,X,X
TISTLOZJ,X,X,X,X,X
TISTJLZO,X,X,X,X,X
TISTJLOZ,X,X,X,X,X
TISTJZLO,X,X,X,X,X
TISTJZOL,X,X,X,X,X
TISTJOLZ,X,X,X,X,X
TISTJOZL,X,X,X,X,X
TISTZLJO,X,X,X,X,X
TISTZLOJ,X,X,X,X,X
TISTZJLO,X,X,X,X,X
TISTZJOL,X,X,X,X,X
TISTZOLJ,X,X,X,X,X
TISTZOJL,X,X,X,X,X
TISTOLJZ,X,X,X,X,X
TISTOLZJ,X,X,X,X,X
TISTOJLZ,X,X,X,X,X
TISTOJZL,X,X,X,X,X
TISTOZLJ,X,X,X,X,X
TISTOZJL,X,X,X,X,X
TISLTJZO,X,X,X,X,X
TISLTJOZ,X,X,X,X,X
TISLTZJO,X,X,X,X,X
TISLTZOJ,X,X,X,X,X
TISLTOJZ,X,X,X,X,X
TISLTOZJ,X,X,X,X,X
TISLJTZO,X,X,X,X,X
TISLJTOZ,X,X,X,X,X
TISLJZTO,X,X,X,X,X
TISLJZOT,X,X,X,X,X
TISLJOTZ,X,X,X,X,X
TISLJOZT,X,X,X,X,X
TISLZTJO,X,X,X,X,X
TISLZTOJ,X,X,X,X,X
TISLZJTO,X,X,X,X,X
TISLZJOT,X,X,X,X,X
TISLZOTJ,X,X,X,X,X
TISLZOJT,X,X,X,X,X
TISLOTJZ,X,X,X,X,X
TISLOTZJ,X,X,X,X,X
TISLOJTZ,X,X,X,X,X
TISLOJZT,X,X,X,X,X
TISLOZTJ,X,X,X,X,X
TISLOZJT,X,X,X,X,X
TISJTLZO,X,X,X,X,X
TISJTLOZ,X,X,X,X,X
TISJTZLO,X,X,X,X,X
TISJTZOL,X,X,X,X,X
TISJTOLZ,X,X,X,X,X
TISJTOZL,X,X,X,X,X
TISJLTZO,X,X,X,X,X
TISJLTOZ,X,X,X,X,X
TISJLZTO,X,X,X,X,X
TISJLZOT,X,X,X,X,X
TISJLOTZ,X,X,X,X,X
TISJLOZT,X,X,X,X,X
TISJZTLO,X,X,X,X,X
TISJZTOL,X,X,X,X,X
TISJZLTO,X,X,X,X,X
TISJZLOT,X,X,X,X,X
TISJZOTL,X,X,X,X,X
TISJZOLT,X,X,X,X,X
TISJOTLZ,X,X,X,X,X
TISJOTZL,X,X,X,X,X
TISJOLTZ,X,X,X,X,X
TISJOLZT,X,X,X,X,X
TISJOZTL,X,X,X,X,X
TISJOZLT,X,X,X,X,X
TISZTLJO,X,X,X,X,X
TISZTLOJ,X,X,X,X,X
TISZTJLO,X,X,X,X,X
TISZTJOL,X,X,X,X,X
TISZTOLJ,X,X,X,X,X
TISZTOJL,X,X,X,X,X
TISZLTJO,X,X,X,X,X
TISZLTOJ,X,X,X,X,X
TISZLJTO,X,X,X,X,X
TISZLJOT,X,X,X,X,X
TISZLOTJ,X,X,X,X,X
TISZLOJT,X,X,X,X,X
TISZJTLO,X,X,X,X,X
TISZJTOL,X,X,X,X,X
TISZJLTO,X,X,X,X,X
TISZJLOT,X,X,X,X,X
TISZJOTL,X,X,X,X,X
TISZJOLT,X,X,X,X,X
TISZOTLJ,X,X,X,X,X
TISZOTJL,X,X,X,X,X
TISZOLTJ,X,X,X,X,X
TISZOLJT,X,X,X,X,X
TISZOJTL,X,X,X,X,X
TISZOJLT,X,X,X,X,X
TISOTLJZ,X,X,X,X,X
TISOTLZJ,X,X,X,X,X
TISOTJLZ,X,X,X,X,X
TISOTJZL,X,X,X,X,X
TISOTZLJ,X,X,X,X,X
TISOTZJL,X,X,X,X,X
TISOLTJZ,X,X,X,X,X
TISOLTZJ,X,X,X,X,X
TISOLJTZ,X,X,X,X,X
TISOLJZT,X,X,X,X,X
TISOLZTJ,X,X,X,X,X
TISOLZJT,X,X,X,X,X
TISOJTLZ,X,X,X,X,X
TISOJTZL,X,X,X,X,X
TISOJLTZ,X,X,X,X,X
TISOJLZT,X,X,X,X,X
TISOJZTL,X,X,X,X,X
TISOJZLT,X,X,X,X,X
TISOZTLJ,X,X,X,X,X
TISOZTJL,X,X,X,X,X
TISOZLTJ,X,X,X,X,X
TISOZLJT,X,X,X,X,X
TISOZJTL,X,X,X,X,X
TISOZJLT,X,X,X,X,X
TIZTLJSO,X,X,X,X,X
TIZTLJOS,X,X,X,X,X
TIZTLSJO,X,X,X,X,X
TIZTLSOJ,X,X,X,X,X
TIZTLOJS,X,X,X,X,X
TIZTLOSJ,X,X,X,X,X
TIZTJLSO,X,X,X,X,X
TIZTJLOS,X,X,X,X,X
TIZTJSLO,X,X,X,X,X
TIZTJSOL,X,X,X,X,X
TIZTJOLS,X,X,X,X,X
TIZTJOSL,X,X,X,X,X
TIZTSLJO,X,X,X,X,X
TIZTSLOJ,X,X,X,X,X
TIZTSJLO,X,X,X,X,X
TIZTSJOL,X,X,X,X,X
TIZTSOLJ,X,X,X,X,X
TIZTSOJL,X,X,X,X,X
TIZTOLJS,X,X,X,X,X
TIZTOLSJ,X,X,X,X,X
TIZTOJLS,X,X,X,X,X
TIZTOJSL,X,X,X,X,X
TIZTOSLJ,X,X,X,X,X
TIZTOSJL,X,X,X,X,X
TIZLTJSO,X,X,X,X,X
TIZLTJOS,X,X,X,X,X
TIZLTSJO,X,X,X,X,X
TIZLTSOJ,X,X,X,X,X
TIZLTOJS,X,X,X,X,X
TIZLTOSJ,X,X,X,X,X
TIZLJTSO,X,X,X,X,X
TIZLJTOS,X,X,X,X,X
TIZLJSTO,X,X,X,X,X
TIZLJSOT,X,X,X,X,X
TIZLJOTS,X,X,X,X,X
TIZLJOST,X,X,X,X,X
TIZLSTJO,X,X,X,X,X
TIZLSTOJ,X,X,X,X,X
TIZLSJTO,X,X,X,X,X
TIZLSJOT,X,X,X,X,X
TIZLSOTJ,X,X,X,X,X
TIZLSOJT,X,X,X,X,X
TIZLOTJS,X,X,X,X,X
TIZLOTSJ,X,X,X,X,X
TIZLOJTS,X,X,X,X,X
TIZLOJST,X,X,X,X,X
TIZLOSTJ,X,X,X,X,X
TIZLOSJT,X,X,X,X,X
TIZJTLSO,X,X,X,X,X
TIZJTLOS,X,X,X,X,X
TIZJTSLO,X,X,X,X,X
TIZJTSOL,X,X,X,X,X
TIZJTOLS,X,X,X,X,X
TIZJTOSL,X,X,X,X,X
TIZJLTSO,X,X,X,X,X
TIZJLTOS,X,X,X,X,X
TIZJLSTO,X,X,X,X,X
TIZJLSOT,X,X,X,X,X
TIZJLOTS,X,X,X,X,X
TIZJLOST,X,X,X,X,X
TIZJSTLO,X,X,X,X,X
TIZJSTOL,X,X,X,X,X
TIZJSLTO,X,X,X,X,X
TIZJSLOT,X,X,X,X,X
TIZJSOTL,X,X,X,X,X
TIZJSOLT,X,X,X,X,X
TIZJOTLS,X,X,X,X,X
TIZJOTSL,X,X,X,X,X
TIZJOLTS,X,X,X,X,X
TIZJOLST,X,X,X,X,X
TIZJOSTL,X,X,X,X,X
TIZJOSLT,X,X,X,X,X
TIZSTLJO,X,X,X,X,X
TIZSTLOJ,X,X,X,X,X
TIZSTJLO,X,X,X,X,X
TIZSTJOL,X,X,X,X,X
TIZSTOLJ,X,X,X,X,X
TIZSTOJL,X,X,X,X,X
TIZSLTJO,X,X,X,X,X
TIZSLTOJ,X,X,X,X,X
TIZSLJTO,X,X,X,X,X
TIZSLJOT,X,X,X,X,X
TIZSLOTJ,X,X,X,X,X
TIZSLOJT,X,X,X,X,X
TIZSJTLO,X,X,X,X,X
TIZSJTOL,X,X,X,X,X
TIZSJLTO,X,X,X,X,X
TIZSJLOT,X,X,X,X,X
TIZSJOTL,X,X,X,X,X
TIZSJOLT,X,X,X,X,X
TIZSOTLJ,X,X,X,X,X
TIZSOTJL,X,X,X,X,X
TIZSOLTJ,X,X,X,X,X
TIZSOLJT,X,X,X,X,X
TIZSOJTL,X,X,X,X,X
TIZSOJLT,X,X,X,X,X
TIZOTLJS,X,X,X,X,X
TIZOTLSJ,X,X,X,X,X
TIZOTJLS,X,X,X,X,X
TIZOTJSL,X,X,X,X,X
TIZOTSLJ,X,X,X,X,X
TIZOTSJL,X,X,X,X,X
TIZOLTJS,X,X,X,X,X
TIZOLTSJ,X,X,X,X,X
TIZOLJTS,X,X,X,X,X
TIZOLJST,X,X,X,X,X
TIZOLSTJ,X,X,X,X,X
TIZOLSJT,X,X,X,X,X
TIZOJTLS,X,X,X,X,X
TIZOJTSL,X,X,X,X,X
TIZOJLTS,X,X,X,X,X
TIZOJLST,X,X,X,X,X
TIZOJSTL,X,X,X,X,X
TIZOJSLT,X,X,X,X,X
TIZOSTLJ,X,X,X,X,X
TIZOSTJL,X,X,X,X,X
TIZOSLTJ,X,X,X,X,X
TIZOSLJT,X,X,X,X,X
TIZOSJTL,X,X,X,X,X
TIZOSJLT,X,X,X,X,X
TIOTLJSZ,X,X,X,X,X
TIOTLJZS,X,X,X,X,X
TIOTLSJZ,X,X,X,X,X
TIOTLSZJ,X,X,X,X,X
TIOTLZJS,X,X,X,X,X
TIOTLZSJ,X,X,X,X,X
TIOTJLSZ,X,X,X,X,X
TIOTJLZS,X,X,X,X,X
TIOTJSLZ,X,X,X,X,X
TIOTJSZL,X,X,X,X,X
TIOTJZLS,X,X,X,X,X
TIOTJZSL,X,X,X,X,X
TIOTSLJZ,X,X,X,X,X
TIOTSLZJ,X,X,X,X,X
TIOTSJLZ,X,X,X,X,X
TIOTSJZL,X,X,X,X,X
TIOTSZLJ,X,X,X,X,X
TIOTSZJL,X,X,X,X,X
TIOTZLJS,X,X,X,X,X
TIOTZLSJ,X,X,X,X,X
TIOTZJLS,X,X,X,X,X
TIOTZJSL,X,X,X,X,X
TIOTZSLJ,X,X,X,X,X
TIOTZSJL,X,X,X,X,X
TIOLTJSZ,X,X,X,X,X
TIOLTJZS,X,X,X,X,X
TIOLTSJZ,X,X,X,X,X
TIOLTSZJ,X,X,X,X,X
TIOLTZJS,X,X,X,X,X
TIOLTZSJ,X,X,X,X,X
TIOLJTSZ,X,X,X,X,X
TIOLJTZS,X,X,X,X,X
TIOLJSTZ,X,X,X,X,X
TIOLJSZT,X,X,X,X,X
TIOLJZTS,X,X,X,X,X
TIOLJZST,X,X,X,X,X
TIOLSTJZ,X,X,X,X,X
TIOLSTZJ,X,X,X,X,X
TIOLSJTZ,X,X,X,X,X
TIOLSJZT,X,X,X,X,X
TIOLSZTJ,X,X,X,X,X
TIOLSZJT,X,X,X,X,X
TIOLZTJS,X,X,X,X,X
TIOLZTSJ,X,X,X,X,X
TIOLZJTS,X,X,X,X,X
TIOLZJST,X,X,X,X,X
TIOLZSTJ,X,X,X,X,X
TIOLZSJT,X,X,X,X,X
TIOJTLSZ,X,X,X,X,X
TIOJTLZS,X,X,X,X,X
TIOJTSLZ,X,X,X,X,X
TIOJTSZL,X,X,X,X,X
TIOJTZLS,X,X,X,X,X
TIOJTZSL,X,X,X,X,X
TIOJLTSZ,X,X,X,X,X
TIOJLTZS,X,X,X,X,X
TIOJLSTZ,X,X,X,X,X
TIOJLSZT,X,X,X,X,X
TIOJLZTS,X,X,X,X,X
TIOJLZST,X,X,X,X,X
TIOJSTLZ,X,X,X,X,X
TIOJSTZL,X,X,X,X,X
TIOJSLTZ,X,X,X,X,X
TIOJSLZT,X,X,X,X,X
TIOJSZTL,X,X,X,X,X
TIOJSZLT,X,X,X,X,X
TIOJZTLS,X,X,X,X,X
TIOJZTSL,X,X,X,X,X
TIOJZLTS,X,X,X,X,X
TIOJZLST,X,X,X,X,X
TIOJZSTL,X,X,X,X,X
TIOJZSLT,X,X,X,X,X
TIOSTLJZ,X,X,X,X,X
TIOSTLZJ,X,X,X,X,X
TIOSTJLZ,X,X,X,X,X
TIOSTJZL,X,X,X,X,X
TIOSTZLJ,X,X,X,X,X
TIOSTZJL,X,X,X,X,X
TIOSLTJZ,X,X,X,X,X
TIOSLTZJ,X,X,X,X,X
TIOSLJTZ,X,X,X,X,X
TIOSLJZT,X,X,X,X,X
TIOSLZTJ,X,X,X,X,X
TIOSLZJT,X,X,X,X,X
TIOSJTLZ,X,X,X,X,X
TIOSJTZL,X,X,X,X,X
TIOSJLTZ,X,X,X,X,X
TIOSJLZT,X,X,X,X,X
TIOSJZTL,X,X,X,X,X
TIOSJZLT,X,X,X,X,X
TIOSZTLJ,X,X,X,X,X
TIOSZTJL,X,X,X,X,X
TIOSZLTJ,X,X,X,X,X
TIOSZLJT,X,X,X,X,X
TIOSZJTL,X,X,X,X,X
TIOSZJLT,X,X,X,X,X
TIOZTLJS,X,X,X,X,X
TIOZTLSJ,X,X,X,X,X
TIOZTJLS,X,X,X,X,X
TIOZTJSL,X,X,X,X,X
TIOZTSLJ,X,X,X,X,X
TIOZTSJL,X,X,X,X,X
TIOZLTJS,X,X,X,X,X
TIOZLTSJ,X,X,X,X,X
TIOZLJTS,X,X,X,X,X
TIOZLJST,X,X,X,X,X
TIOZLSTJ,X,X,X,X,X
TIOZLSJT,X,X,X,X,X
TIOZJTLS,X,X,X,X,X
TIOZJTSL,X,X,X,X,X
TIOZJLTS,X,X,X,X,X
TIOZJLST,X,X,X,X,X
TIOZJSTL,X,X,X,X,X
TIOZJSLT,X,X,X,X,X
TIOZSTLJ,X,X,X,X,X
TIOZSTJL,X,X,X,X,X
TIOZSLTJ,X,X,X,X,X
TIOZSLJT,X,X,X,X,X
TIOZSJTL,X,X,X,X,X
TIOZSJLT,X,X,X,X,X
TLTIJSZO,X,X,X,X,X
TLTIJSOZ,X,X,X,X,X
TLTIJZSO,X,X,X,X,X
TLTIJZOS,X,X,X,X,X
TLTIJOSZ,X,X,X,X,X
TLTIJOZS,X,X,X,X,X
TLTISJZO,X,X,X,X,X
TLTISJOZ,X,X,X,X,X
TLTISZJO,X,X,X,X,X
TLTISZOJ,X,X,X,X,X
TLTISOJZ,X,X,X,X,X
TLTISOZJ,X,X,X,X,X
TLTIZJSO,X,X,X,X,X
TLTIZJOS,X,X,X,X,X
TLTIZSJO,X,X,X,X,X
TLTIZSOJ,X,X,X,X,X
TLTIZOJS,X,X,X,X,X
TLTIZOSJ,X,X,X,X,X
TLTIOJSZ,X,X,X,X,X
TLTIOJZS,X,X,X,X,X
TLTIOSJZ,X,X,X,X,X
TLTIOSZJ,X,X,X,X,X
TLTIOZJS,X,X,X,X,X
TLTIOZSJ,X,X,X,X,X
TLTJISZO,X,X,X,X,X
TLTJISOZ,X,X,X,X,X
TLTJIZSO,X,X,X,X,X
TLTJIZOS,X,X,X,X,X
TLTJIOSZ,X,X,X,X,X
TLTJIOZS,X,X,X,X,X
TLTJSIZO,X,X,X,X,X
TLTJSIOZ,X,X,X,X,X
TLTJSZIO,X,X,X,X,X
TLTJSZOI,X,X,X,X,X
TLTJSOIZ,X,X,X,X,X
TLTJSOZI,X,X,X,X,X
TLTJZISO,X,X,X,X,X
TLTJZIOS,X,X,X,X,X
TLTJZSIO,X,X,X,X,X
TLTJZSOI,X,X,X,X,X
TLTJZOIS,X,X,X,X,X
TLTJZOSI,X,X,X,X,X
TLTJOISZ,X,X,X,X,X
TLTJOIZS,X,X,X,X,X
TLTJOSIZ,X,X,X,X,X
TLTJOSZI,X,X,X,X,X
TLTJOZIS,X,X,X,X,X
TLTJOZSI,X,X,X,X,X
TLTSIJZO,X,X,X,X,X
TLTSIJOZ,X,X,X,X,X
TLTSIZJO,X,X,X,X,X
TLTSIZOJ,X,X,X,X,X
TLTSIOJZ,X,X,X,X,X
TLTSIOZJ,X,X,X,X,X
TLTSJIZO,X,X,X,X,X
TLTSJIOZ,X,X,X,X,X
TLTSJZIO,X,X,X,X,X
TLTSJZOI,X,X,X,X,X
TLTSJOIZ,X,X,X,X,X
TLTSJOZI,X,X,X,X,X
TLTSZIJO,X,X,X,X,X
TLTSZIOJ,X,X,X,X,X
TLTSZJIO,X,X,X,X,X
TLTSZJOI,X,X,X,X,X
TLTSZOIJ,X,X,X,X,X
TLTSZOJI,X,X,X,X,X
TLTSOIJZ,X,X,X,X,X
TLTSOIZJ,X,X,X,X,X
TLTSOJIZ,X,X,X,X,X
TLTSOJZI,X,X,X,X,X
TLTSOZIJ,X,X,X,X,X
TLTSOZJI,X,X,X,X,X
TLTZIJSO,X,X,X,X,X
TLTZIJOS,X,X,X,X,X
TLTZISJO,X,X,X,X,X
TLTZISOJ,X,X,X,X,X
TLTZIOJS,X,X,X,X,X
TLTZIOSJ,X,X,X,X,X
TLTZJISO,X,X,X,X,X
TLTZJIOS,X,X,X,X,X
TLTZJSIO,X,X,X,X,X
TLTZJSOI,X,X,X,X,X
TLTZJOIS,X,X,X,X,X
TLTZJOSI,X,X,X,X,X
TLTZSIJO,X,X,X,X,X
TLTZSIOJ,X,X,X,X,X
TLTZSJIO,X,X,X,X,X
TLTZSJOI,X,X,X,X,X
TLTZSOIJ,X,X,X,X,X
TLTZSOJI,X,X,X,X,X
TLTZOIJS,X,X,X,X,X
TLTZOISJ,X,X,X,X,X
TLTZOJIS,X,X,X,X,X
TLTZOJSI,X,X,X,X,X
TLTZOSIJ,X,X,X,X,X
TLTZOSJI,X,X,X,X,X
TLTOIJSZ,X,X,X,X,X
TLTOIJZS,X,X,X,X,X
TLTOISJZ,X,X,X,X,X
TLTOISZJ,X,X,X,X,X
TLTOIZJS,X,X,X,X,X
TLTOIZSJ,X,X,X,X,X
TLTOJISZ,X,X,X,X,X
TLTOJIZS,X,X,X,X,X
TLTOJSIZ,X,X,X,X,X
TLTOJSZI,X,X,X,X,X
TLTOJZIS,X,X,X,X,X
TLTOJZSI,X,X,X,X,X
TLTOSIJZ,X,X,X,X,X
TLTOSIZJ,X,X,X,X,X
TLTOSJIZ,X,X,X,X,X
TLTOSJZI,X,X,X,X,X
TLTOSZIJ,X,X,X,X,X
TLTOSZJI,X,X,X,X,X
TLTOZIJS,X,X,X,X,X
TLTOZISJ,X,X,X,X,X
TLTOZJIS,X,X,X,X,X
TLTOZJSI,X,X,X,X,X
TLTOZSIJ,X,X,X,X,X
TLTOZSJI,X,X,X,X,X
TLITJSZO,X,X,X,X,X
TLITJSOZ,X,X,X,X,X
TLITJZSO,X,X,X,X,X
TLITJZOS,X,X,X,X,X
TLITJOSZ,X,X,X,X,X
TLITJOZS,X,X,X,X,X
TLITSJZO,X,X,X,X,X
TLITSJOZ,X,X,X,X,X
TLITSZJO,X,X,X,X,X
TLITSZOJ,X,X,X,X,X
TLITSOJZ,X,X,X,X,X
TLITSOZJ,X,X,X,X,X
TLITZJSO,X,X,X,X,X
TLITZJOS,X,X,X,X,X
TLITZSJO,X,X,X,X,X
TLITZSOJ,X,X,X,X,X
TLITZOJS,X,X,X,X,X
TLITZOSJ,X,X,X,X,X
TLITOJSZ,X,X,X,X,X
TLITOJZS,X,X,X,X,X
TLITOSJZ,X,X,X,X,X
TLITOSZJ,X,X,X,X,X
TLITOZJS,X,X,X,X,X
TLITOZSJ,X,X,X,X,X
TLIJTSZO,X,X,X,X,X
TLIJTSOZ,X,X,X,X,X
TLIJTZSO,X,X,X,X,X
TLIJTZOS,X,X,X,X,X
TLIJTOSZ,X,X,X,X,X
TLIJTOZS,X,X,X,X,X
TLIJSTZO,X,X,X,X,X
TLIJSTOZ,X,X,X,X,X
TLIJSZTO,X,X,X,X,X
TLIJSZOT,X,X,X,X,X
TLIJSOTZ,X,X,X,X,X
TLIJSOZT,X,X,X,X,X
TLIJZTSO,X,X,X,X,X
TLIJZTOS,X,X,X,X,X
TLIJZSTO,X,X,X,X,X
TLIJZSOT,X,X,X,X,X
TLIJZOTS,X,X,X,X,X
TLIJZOST,X,X,X,X,X
TLIJOTSZ,X,X,X,X,X
TLIJOTZS,X,X,X,X,X
TLIJOSTZ,X,X,X,X,X
TLIJOSZT,X,X,X,X,X
TLIJOZTS,X,X,X,X,X
TLIJOZST,X,X,X,X,X
TLISTJZO,X,X,X,X,X
TLISTJOZ,X,X,X,X,X
TLISTZJO,X,X,X,X,X
TLISTZOJ,O,X,X,X,X
TLISTOJZ,O,X,X,X,X
TLISTOZJ,O,X,X,X,X
TLISJTZO,X,X,X,X,X
TLISJTOZ,X,X,X,X,X
TLISJZTO,X,X,X,X,X
TLISJZOT,O,X,X,X,X
TLISJOTZ,O,X,X,X,X
TLISJOZT,O,X,X,X,X
TLISZTJO,X,X,X,X,X
TLISZTOJ,O,X,X,X,X
TLISZJTO,X,X,X,X,X
TLISZJOT,O,X,X,X,X
TLISZOTJ,O,X,X,X,X
TLISZOJT,O,X,X,X,X
TLISOTJZ,O,X,X,X,X
TLISOTZJ,O,X,X,X,X
TLISOJTZ,O,X,X,X,X
TLISOJZT,O,X,X,X,X
TLISOZTJ,O,X,X,X,X
TLISOZJT,O,X,X,X,X
TLIZTJSO,X,X,X,X,X
TLIZTJOS,X,X,X,X,X
TLIZTSJO,X,X,X,X,X
TLIZTSOJ,X,X,X,X,X
TLIZTOJS,X,X,X,X,X
TLIZTOSJ,X,X,X,X,X
TLIZJTSO,X,X,X,X,X
TLIZJTOS,X,X,X,X,X
TLIZJSTO,X,X,X,X,X
TLIZJSOT,X,X,X,X,X
TLIZJOTS,X,X,X,X,X
TLIZJOST,X,X,X,X,X
TLIZSTJO,X,X,X,X,X
TLIZSTOJ,O,X,X,X,X
TLIZSJTO,X,X,X,X,X
TLIZSJOT,O,X,X,X,X
TLIZSOTJ,O,X,X,X,X
TLIZSOJT,O,X,X,X,X
TLIZOTJS,X,X,X,X,X
TLIZOTSJ,X,X,X,X,X
TLIZOJTS,X,X,X,X,X
TLIZOJST,X,X,X,X,X
TLIZOSTJ,X,X,X,X,X
TLIZOSJT,X,X,X,X,X
TLIOTJSZ,X,X,X,X,X
TLIOTJZS,X,X,X,X,X
TLIOTSJZ,X,X,X,X,X
TLIOTSZJ,X,X,X,X,X
TLIOTZJS,X,X,X,X,X
TLIOTZSJ,X,X,X,X,X
TLIOJTSZ,X,X,X,X,X
TLIOJTZS,X,X,X,X,X
TLIOJSTZ,X,X,X,X,X
TLIOJSZT,X,X,X,X,X
TLIOJZTS,X,X,X,X,X
TLIOJZST,X,X,X,X,X
TLIOSTJZ,X,X,X,X,X
TLIOSTZJ,X,X,X,X,X
TLIOSJTZ,X,X,X,X,X
TLIOSJZT,X,X,X,X,X
TLIOSZTJ,X,X,X,X,X
TLIOSZJT,X,X,X,X,X
TLIOZTJS,X,X,X,X,X
TLIOZTSJ,X,X,X,X,X
TLIOZJTS,X,X,X,X,X
TLIOZJST,X,X,X,X,X
TLIOZSTJ,X,X,X,X,X
TLIOZSJT,X,X,X,X,X
TLJTISZO,X,X,X,X,X
TLJTISOZ,X,X,X,X,X
TLJTIZSO,X,X,X,X,X
TLJTIZOS,X,X,X,X,X
TLJTIOSZ,X,X,X,X,X
TLJTIOZS,X,X,X,X,X
TLJTSIZO,X,X,X,X,X
TLJTSIOZ,X,X,X,X,X
TLJTSZIO,X,X,X,X,X
TLJTSZOI,X,X,X,X,X
TLJTSOIZ,X,X,X,X,X
TLJTSOZI,X,X,X,X,X
TLJTZISO,X,X,X,X,X
TLJTZIOS,X,X,X,X,X
TLJTZSIO,X,X,X,X,X
TLJTZSOI,X,X,X,X,X
TLJTZOIS,X,X,X,X,X
TLJTZOSI,X,X,X,X,X
TLJTOISZ,X,X,X,X,X
TLJTOIZS,X,X,X,X,X
TLJTOSIZ,X,X,X,X,X
TLJTOSZI,X,X,X,X,X
TLJTOZIS,X,X,X,X,X
TLJTOZSI,X,X,X,X,X
TLJITSZO,X,X,X,X,X
TLJITSOZ,X,X,X,X,X
TLJITZSO,X,X,X,X,X
TLJITZOS,X,X,X,X,X
TLJITOSZ,X,X,X,X,X
TLJITOZS,X,X,X,X,X
TLJISTZO,X,X,X,X,X
TLJISTOZ,X,X,X,X,X
TLJISZTO,X,X,X,X,X
TLJISZOT,X,X,X,X,X
TLJISOTZ,X,X,X,X,X
TLJISOZT,X,X,X,X,X
TLJIZTSO,X,X,X,X,X
TLJIZTOS,X,X,X,X,X
TLJIZSTO,X,X,X,X,X
TLJIZSOT,X,X,X,X,X
TLJIZOTS,X,X,X,X,X
TLJIZOST,X,X,X,X,X
TLJIOTSZ,X,X,X,X,X
TLJIOTZS,X,X,X,X,X
TLJIOSTZ,X,X,X,X,X
TLJIOSZT,X,X,X,X,X
TLJIOZTS,X,X,X,X,X
TLJIOZST,X,X,X,X,X
TLJSTIZO,X,X,X,X,X
TLJSTIOZ,X,X,X,X,X
TLJSTZIO,X,X,X,X,X
TLJSTZOI,X,X,X,X,X
TLJSTOIZ,X,X,X,X,X
TLJSTOZI,X,X,X,X,X
TLJSITZO,X,X,X,X,X
TLJSITOZ,X,X,X,X,X
TLJSIZTO,X,X,X,X,X
TLJSIZOT,X,X,X,X,X
TLJSIOTZ,X,X,X,X,X
TLJSIOZT,X,X,X,X,X
TLJSZTIO,X,X,X,X,X
TLJSZTOI,X,X,X,X,X
TLJSZITO,X,X,X,X,X
TLJSZIOT,X,X,X,X,X
TLJSZOTI,X,X,X,X,X
TLJSZOIT,X,X,X,X,X
TLJSOTIZ,X,X,X,X,X
TLJSOTZI,X,X,X,X,X
TLJSOITZ,X,X,X,X,X
TLJSOIZT,X,X,X,X,X
TLJSOZTI,X,X,X,X,X
TLJSOZIT,X,X,X,X,X
TLJZTISO,X,X,X,X,X
TLJZTIOS,X,X,X,X,X
TLJZTSIO,X,X,X,X,X
TLJZTSOI,X,X,X,X,X
TLJZTOIS,X,X,X,X,X
TLJZTOSI,X,X,X,X,X
TLJZITSO,X,X,X,X,X
TLJZITOS,X,X,X,X,X
TLJZISTO,X,X,X,X,X
TLJZISOT,X,X,X,X,X
TLJZIOTS,X,X,X,X,X
TLJZIOST,X,X,X,X,X
TLJZSTIO,X,X,X,X,X
TLJZSTOI,X,X,X,X,X
TLJZSITO,X,X,X,X,X
TLJZSIOT,X,X,X,X,X
TLJZSOTI,X,X,X,X,X
TLJZSOIT,X,X,X,X,X
TLJZOTIS,X,X,X,X,X
TLJZOTSI,X,X,X,X,X
TLJZOITS,X,X,X,X,X
TLJZOIST,X,X,X,X,X
TLJZOSTI,X,X,X,X,X
TLJZOSIT,X,X,X,X,X
TLJOTISZ,X,X,X,X,X
TLJOTIZS,X,X,X,X,X
TLJOTSIZ,X,X,X,X,X
TLJOTSZI,X,X,X,X,X
TLJOTZIS,X,X,X,X,X
TLJOTZSI,X,X,X,X,X
TLJOITSZ,X,X,X,X,X
TLJOITZS,X,X,X,X,X
TLJOISTZ,X,X,X,X,X
TLJOISZT,X,X,X,X,X
TLJOIZTS,X,X,X,X,X
TLJOIZST,X,X,X,X,X
TLJOSTIZ,X,X,X,X,X
TLJOSTZI,X,X,X,X,X
TLJOSITZ,X,X,X,X,X
TLJOSIZT,X,X,X,X,X
TLJOSZTI,X,X,X,X,X
TLJOSZIT,X,X,X,X,X
TLJOZTIS,X,X,X,X,X
TLJOZTSI,X,X,X,X,X
TLJOZITS,X,X,X,X,X
TLJOZIST,X,X,X,X,X
TLJOZSTI,X,X,X,X,X
TLJOZSIT,X,X,X,X,X
TLSTIJZO,X,X,X,X,X
TLSTIJOZ,X,X,X,X,X
TLSTIZJO,X,X,X,X,X
TLSTIZOJ,O,X,X,X,X
TLSTIOJZ,O,X,X,X,X
TLSTIOZJ,O,X,X,X,X
TLSTJIZO,X,X,X,X,X
TLSTJIOZ,X,X,X,X,X
TLSTJZIO,X,X,X,X,X
TLSTJZOI,X,X,X,X,X
TLSTJOIZ,X,X,X,X,X
TLSTJOZI,X,X,X,X,X
TLSTZIJO,X,X,X,X,X
TLSTZIOJ,O,X,X,X,X
TLSTZJIO,X,X,X,X,X
TLSTZJOI,X,X,X,X,X
TLSTZOIJ,O,X,X,X,X
TLSTZOJI,O,X,X,X,X
TLSTOIJZ,O,X,X,X,X
TLSTOIZJ,O,X,X,X,X
TLSTOJIZ,O,X,X,X,X
TLSTOJZI,O,X,X,X,X
TLSTOZIJ,O,X,X,X,X
TLSTOZJI,O,X,X,X,X
TLSITJZO,X,X,X,X,X
TLSITJOZ,X,X,X,X,X
TLSITZJO,X,X,X,X,X
TLSITZOJ,O,X,X,X,X
TLSITOJZ,O,X,X,X,X
TLSITOZJ,O,X,X,X,X
TLSIJTZO,X,X,X,X,X
TLSIJTOZ,X,X,X,X,X
TLSIJZTO,X,X,X,X,X
TLSIJZOT,O,X,X,X,X
TLSIJOTZ,O,X,X,X,X
TLSIJOZT,O,X,X,X,X
TLSIZTJO,X,X,X,X,X
TLSIZTOJ,O,X,X,X,X
TLSIZJTO,X,X,X,X,X
TLSIZJOT,O,X,X,X,X
TLSIZOTJ,O,X,X,X,X
TLSIZOJT,O,X,X,X,X
TLSIOTJZ,O,X,X,X,X
TLSIOTZJ,O,X,X,X,X
TLSIOJTZ,O,X,X,X,X
TLSIOJZT,O,X,X,X,X
TLSIOZTJ,O,X,X,X,X
TLSIOZJT,O,X,X,X,X
TLSJTIZO,X,X,X,X,X
TLSJTIOZ,X,X,X,X,X
TLSJTZIO,X,X,X,X,X
TLSJTZOI,X,X,X,X,X
TLSJTOIZ,X,X,X,X,X
TLSJTOZI,X,X,X,X,X
TLSJITZO,X,X,X,X,X
TLSJITOZ,X,X,X,X,X
TLSJIZTO,X,X,X,X,X
TLSJIZOT,O,X,X,X,X
TLSJIOTZ,O,X,X,X,X
TLSJIOZT,O,X,X,X,X
TLSJZTIO,X,X,X,X,X
TLSJZTOI,X,X,X,X,X
TLSJZITO,X,X,X,X,X
TLSJZIOT,O,X,X,X,X
TLSJZOTI,O,X,X,X,X
TLSJZOIT,O,X,X,X,X
TLSJOTIZ,O,X,X,X,X
TLSJOTZI,O,X,X,X,X
TLSJOITZ,O,X,X,X,X
TLSJOIZT,O,X,X,X,X
TLSJOZTI,O,X,X,X,X
TLSJOZIT,O,X,X,X,X
TLSZTIJO,X,X,X,X,X
TLSZTIOJ,O,X,X,X,X
TLSZTJIO,X,X,X,X,X
TLSZTJOI,X,X,X,X,X
TLSZTOIJ,O,X,X,X,X
TLSZTOJI,O,X,X,X,X
TLSZITJO,X,X,X,X,X
TLSZITOJ,O,X,X,X,X
TLSZIJTO,X,X,X,X,X
TLSZIJOT,O,X,X,X,X
TLSZIOTJ,O,X,X,X,X
TLSZIOJT,O,X,X,X,X
TLSZJTIO,X,X,X,X,X
TLSZJTOI,X,X,X,X,X
TLSZJITO,X,X,X,X,X
TLSZJIOT,O,X,X,X,X
TLSZJOTI,O,X,X,X,X
TLSZJOIT,O,X,X,X,X
TLSZOTIJ,O,X,X,X,X
TLSZOTJI,O,X,X,X,X
TLSZOITJ,O,X,X,X,X
TLSZOIJT,O,X,X,X,X
TLSZOJTI,O,X,X,X,X
TLSZOJIT,O,X,X,X,X
TLSOTIJZ,O,X,X,X,X
TLSOTIZJ,O,X,X,X,X
TLSOTJIZ,O,X,X,X,X
TLSOTJZI,O,X,X,X,X
TLSOTZIJ,O,X,X,X,X
TLSOTZJI,O,X,X,X,X
TLSOITJZ,O,X,X,X,X
TLSOITZJ,O,X,X,X,X
TLSOIJTZ,O,X,X,X,X
TLSOIJZT,O,X,X,X,X
TLSOIZTJ,O,X,X,X,X
TLSOIZJT,O,X,X,X,X
TLSOJTIZ,O,X,X,X,X
TLSOJTZI,O,X,X,X,X
TLSOJITZ,O,X,X,X,X
TLSOJIZT,O,X,X,X,X
TLSOJZTI,O,X,X,X,X
TLSOJZIT,O,X,X,X,X
TLSOZTIJ,O,X,X,X,X
TLSOZTJI,O,X,X,X,X
TLSOZITJ,O,X,X,X,X
TLSOZIJT,O,X,X,X,X
TLSOZJTI,O,X,X,X,X
TLSOZJIT,O,X,X,X,X
TLZTIJSO,X,X,X,X,X
TLZTIJOS,X,X,X,X,X
TLZTISJO,X,X,X,X,X
TLZTISOJ,X,X,X,X,X
TLZTIOJS,X,X,X,X,X
TLZTIOSJ,X,X,X,X,X
TLZTJISO,X,X,X,X,X
TLZTJIOS,X,X,X,X,X
TLZTJSIO,X,X,X,X,X
TLZTJSOI,X,X,X,X,X
TLZTJOIS,X,X,X,X,X
TLZTJOSI,X,X,X,X,X
TLZTSIJO,X,X,X,X,X
TLZTSIOJ,X,X,X,X,X
TLZTSJIO,X,X,X,X,X
TLZTSJOI,X,X,X,X,X
TLZTSOIJ,X,X,X,X,X
TLZTSOJI,X,X,X,X,X
TLZTOIJS,X,X,X,X,X
TLZTOISJ,X,X,X,X,X
TLZTOJIS,X,X,X,X,X
TLZTOJSI,X,X,X,X,X
TLZTOSIJ,X,X,X,X,X
TLZTOSJI,X,X,X,X,X
TLZITJSO,X,X,X,X,X
TLZITJOS,X,X,X,X,X
TLZITSJO,X,X,X,X,X
TLZITSOJ,X,X,X,X,X
TLZITOJS,X,X,X,X,X
TLZITOSJ,X,X,X,X,X
TLZIJTSO,X,X,X,X,X
TLZIJTOS,X,X,X,X,X
TLZIJSTO,X,X,X,X,X
TLZIJSOT,X,X,X,X,X
TLZIJOTS,X,X,X,X,X
TLZIJOST,X,X,X,X,X
TLZISTJO,X,X,X,X,X
TLZISTOJ,O,X,X,X,X
TLZISJTO,X,X,X,X,X
TLZISJOT,O,X,X,X,X
TLZISOTJ,O,X,X,X,X
TLZISOJT,O,X,X,X,X
TLZIOTJS,X,X,X,X,X
TLZIOTSJ,X,X,X,X,X
TLZIOJTS,X,X,X,X,X
TLZIOJST,X,X,X,X,X
TLZIOSTJ,X,X,X,X,X
TLZIOSJT,X,X,X,X,X
TLZJTISO,X,X,X,X,X
TLZJTIOS,X,X,X,X,X
TLZJTSIO,X,X,X,X,X
TLZJTSOI,X,X,X,X,X
TLZJTOIS,X,X,X,X,X
TLZJTOSI,X,X,X,X,X
TLZJITSO,X,X,X,X,X
TLZJITOS,X,X,X,X,X
TLZJISTO,X,X,X,X,X
TLZJISOT,X,X,X,X,X
TLZJIOTS,X,X,X,X,X
TLZJIOST,X,X,X,X,X
TLZJSTIO,X,X,X,X,X
TLZJSTOI,X,X,X,X,X
TLZJSITO,X,X,X,X,X
TLZJSIOT,X,X,X,X,X
TLZJSOTI,X,X,X,X,X
TLZJSOIT,X,X,X,X,X
TLZJOTIS,X,X,X,X,X
TLZJOTSI,X,X,X,X,X
TLZJOITS,X,X,X,X,X
TLZJOIST,X,X,X,X,X
TLZJOSTI,X,X,X,X,X
TLZJOSIT,X,X,X,X,X
TLZSTIJO,X,X,X,X,X
TLZSTIOJ,O,X,X,X,X
TLZSTJIO,X,X,X,X,X
TLZSTJOI,X,X,X,X,X
TLZSTOIJ,O,X,X,X,X
TLZSTOJI,O,X,X,X,X
TLZSITJO,X,X,X,X,X
TLZSITOJ,O,X,X,X,X
TLZSIJTO,X,X,X,X,X
TLZSIJOT,O,X,X,X,X
TLZSIOTJ,O,X,X,X,X
TLZSIOJT,O,X,X,X,X
TLZSJTIO,X,X,X,X,X
TLZSJTOI,X,X,X,X,X
TLZSJITO,X,X,X,X,X
TLZSJIOT,O,X,X,X,X
TLZSJOTI,O,X,X,X,X
TLZSJOIT,O,X,X,X,X
TLZSOTIJ,O,X,X,X,X
TLZSOTJI,O,X,X,X,X
TLZSOITJ,O,X,X,X,X
TLZSOIJT,O,X,X,X,X
TLZSOJTI,O,X,X,X,X
TLZSOJIT,O,X,X,X,X
TLZOTIJS,X,X,X,X,X
TLZOTISJ,X,X,X,X,X
TLZOTJIS,X,X,X,X,X
TLZOTJSI,X,X,X,X,X
TLZOTSIJ,X,X,X,X,X
TLZOTSJI,X,X,X,X,X
TLZOITJS,X,X,X,X,X
TLZOITSJ,X,X,X,X,X
TLZOIJTS,X,X,X,X,X
TLZOIJST,X,X,X,X,X
TLZOISTJ,X,X,X,X,X
TLZOISJT,X,X,X,X,X
TLZOJTIS,X,X,X,X,X
TLZOJTSI,X,X,X,X,X
TLZOJITS,X,X,X,X,X
TLZOJIST,X,X,X,X,X
TLZOJSTI,X,X,X,X,X
TLZOJSIT,X,X,X,X,X
TLZOSTIJ,X,X,X,X,X
TLZOSTJI,X,X,X,X,X
TLZOSITJ,X,X,X,X,X
TLZOSIJT,X,X,X,X,X
TLZOSJTI,X,X,X,X,X
TLZOSJIT,X,X,X,X,X
TLOTIJSZ,X,X,X,X,X
TLOTIJZS,X,X,X,X,X
TLOTISJZ,X,X,X,X,X
TLOTISZJ,X,X,X,X,X
TLOTIZJS,X,X,X,X,X
TLOTIZSJ,X,X,X,X,X
TLOTJISZ,X,X,X,X,X
TLOTJIZS,X,X,X,X,X
TLOTJSIZ,X,X,X,X,X
TLOTJSZI,X,X,X,X,X
TLOTJZIS,X,X,X,X,X
TLOTJZSI,X,X,X,X,X
TLOTSIJZ,X,X,X,X,X
TLOTSIZJ,X,X,X,X,X
TLOTSJIZ,X,X,X,X,X
TLOTSJZI,X,X,X,X,X
TLOTSZIJ,X,X,X,X,X
TLOTSZJI,X,X,X,X,X
TLOTZIJS,X,X,X,X,X
TLOTZISJ,X,X,X,X,X
TLOTZJIS,X,X,X,X,X
TLOTZJSI,X,X,X,X,X
TLOTZSIJ,X,X,X,X,X
TLOTZSJI,X,X,X,X,X
TLOITJSZ,X,X,X,X,X
TLOITJZS,X,X,X,X,X
TLOITSJZ,X,X,X,X,X
TLOITSZJ,X,X,X,X,X
TLOITZJS,X,X,X,X,X
TLOITZSJ,X,X,X,X,X
TLOIJTSZ,X,X,X,X,X
TLOIJTZS,X,X,X,X,X
TLOIJSTZ,X,X,X,X,X
TLOIJSZT,X,X,X,X,X
TLOIJZTS,X,X,X,X,X
TLOIJZST,X,X,X,X,X
TLOISTJZ,X,X,X,X,X
TLOISTZJ,X,X,X,X,X
TLOISJTZ,X,X,X,X,X
TLOISJZT,X,X,X,X,X
TLOISZTJ,X,X,X,X,X
TLOISZJT,X,X,X,X,X
TLOIZTJS,X,X,X,X,X
TLOIZTSJ,X,X,X,X,X
TLOIZJTS,X,X,X,X,X
TLOIZJST,X,X,X,X,X
TLOIZSTJ,X,X,X,X,X
TLOIZSJT,X,X,X,X,X
TLOJTISZ,X,X,X,X,X
TLOJTIZS,X,X,X,X,X
TLOJTSIZ,X,X,X,X,X
TLOJTSZI,X,X,X,X,X
TLOJTZIS,X,X,X,X,X
TLOJTZSI,X,X,X,X,X
TLOJITSZ,X,X,X,X,X
TLOJITZS,X,X,X,X,X
TLOJISTZ,X,X,X,X,X
TLOJISZT,X,X,X,X,X
TLOJIZTS,X,X,X,X,X
TLOJIZST,X,X,X,X,X
TLOJSTIZ,X,X,X,X,X
TLOJSTZI,X,X,X,X,X
TLOJSITZ,X,X,X,X,X
TLOJSIZT,X,X,X,X,X
TLOJSZTI,X,X,X,X,X
TLOJSZIT,X,X,X,X,X
TLOJZTIS,X,X,X,X,X
TLOJZTSI,X,X,X,X,X
TLOJZITS,X,X,X,X,X
TLOJZIST,X,X,X,X,X
TLOJZSTI,X,X,X,X,X
TLOJZSIT,X,X,X,X,X
TLOSTIJZ,X,X,X,X,X
TLOSTIZJ,X,X,X,X,X
TLOSTJIZ,X,X,X,X,X
TLOSTJZI,X,X,X,X,X
TLOSTZIJ,X,X,X,X,X
TLOSTZJI,X,X,X,X,X
TLOSITJZ,X,X,X,X,X
TLOSITZJ,X,X,X,X,X
TLOSIJTZ,X,X,X,X,X
TLOSIJZT,X,X,X,X,X
TLOSIZTJ,X,X,X,X,X
TLOSIZJT,X,X,X,X,X
TLOSJTIZ,X,X,X,X,X
TLOSJTZI,X,X,X,X,X
TLOSJITZ,X,X,X,X,X
TLOSJIZT,X,X,X,X,X
TLOSJZTI,X,X,X,X,X
TLOSJZIT,X,X,X,X,X
TLOSZTIJ,X,X,X,X,X
TLOSZTJI,X,X,X,X,X
TLOSZITJ,X,X,X,X,X
TLOSZIJT,X,X,X,X,X
TLOSZJTI,X,X,X,X,X
TLOSZJIT,X,X,X,X,X
TLOZTIJS,X,X,X,X,X
TLOZTISJ,X,X,X,X,X
TLOZTJIS,X,X,X,X,X
TLOZTJSI,X,X,X,X,X
TLOZTSIJ,X,X,X,X,X
TLOZTSJI,X,X,X,X,X
TLOZITJS,X,X,X,X,X
TLOZITSJ,X,X,X,X,X
TLOZIJTS,X,X,X,X,X
TLOZIJST,X,X,X,X,X
TLOZISTJ,X,X,X,X,X
TLOZISJT,X,X,X,X,X
TLOZJTIS,X,X,X,X,X
TLOZJTSI,X,X,X,X,X
TLOZJITS,X,X,X,X,X
TLOZJIST,X,X,X,X,X
TLOZJSTI,X,X,X,X,X
TLOZJSIT,X,X,X,X,X
TLOZSTIJ,X,X,X,X,X
TLOZSTJI,X,X,X,X,X
TLOZSITJ,X,X,X,X,X
TLOZSIJT,X,X,X,X,X
TLOZSJTI,X,X,X,X,X
TLOZSJIT,X,X,X,X,X
TJTILSZO,X,X,X,X,X
TJTILSOZ,X,X,X,X,X
TJTILZSO,X,X,X,X,X
TJTILZOS,X,X,X,X,X
TJTILOSZ,X,X,X,X,X
TJTILOZS,X,X,X,X,X
TJTISLZO,X,X,X,X,X
TJTISLOZ,X,X,X,X,X
TJTISZLO,X,X,X,X,X
TJTISZOL,X,X,X,X,X
TJTISOLZ,X,X,X,X,X
TJTISOZL,X,X,X,X,X
TJTIZLSO,X,X,X,X,X
TJTIZLOS,X,X,X,X,X
TJTIZSLO,X,X,X,X,X
TJTIZSOL,X,X,X,X,X
TJTIZOLS,X,X,X,X,X
TJTIZOSL,X,X,X,X,X
TJTIOLSZ,X,X,X,X,X
TJTIOLZS,X,X,X,X,X
TJTIOSLZ,X,X,X,X,X
TJTIOSZL,X,X,X,X,X
TJTIOZLS,X,X,X,X,X
TJTIOZSL,X,X,X,X,X
TJTLISZO,X,X,X,X,X
TJTLISOZ,X,X,X,X,X
TJTLIZSO,X,X,X,X,X
TJTLIZOS,X,X,X,X,X
TJTLIOSZ,X,X,X,X,X
TJTLIOZS,X,X,X,X,X
TJTLSIZO,X,X,X,X,X
TJTLSIOZ,X,X,X,X,X
TJTLSZIO,X,X,X,X,X
TJTLSZOI,X,X,X,X,X
TJTLSOIZ,X,X,X,X,X
TJTLSOZI,X,X,X,X,X
TJTLZISO,X,X,X,X,X
TJTLZIOS,X,X,X,X,X
TJTLZSIO,X,X,X,X,X
TJTLZSOI,X,X,X,X,X
TJTLZOIS,X,X,X,X,X
TJTLZOSI,X,X,X,X,X
TJTLOISZ,X,X,X,X,X
TJTLOIZS,X,X,X,X,X
TJTLOSIZ,X,X,X,X,X
TJTLOSZI,X,X,X,X,X
TJTLOZIS,X,X,X,X,X
TJTLOZSI,X,X,X,X,X
TJTSILZO,X,X,X,X,X
TJTSILOZ,X,X,X,X,X
TJTSIZLO,X,X,X,X,X
TJTSIZOL,X,X,X,X,X
TJTSIOLZ,X,X,X,X,X
TJTSIOZL,X,X,X,X,X
TJTSLIZO,X,X,X,X,X
TJTSLIOZ,X,X,X,X,X
TJTSLZIO,X,X,X,X,X
TJTSLZOI,X,X,X,X,X
TJTSLOIZ,X,X,X,X,X
TJTSLOZI,X,X,X,X,X
TJTSZILO,X,X,X,X,X
TJTSZIOL,X,X,X,X,X
TJTSZLIO,X,X,X,X,X
TJTSZLOI,X,X,X,X,X
TJTSZOIL,X,X,X,X,X
TJTSZOLI,X,X,X,X,X
TJTSOILZ,X,X,X,X,X
TJTSOIZL,X,X,X,X,X
TJTSOLIZ,X,X,X,X,X
TJTSOLZI,X,X,X,X,X
TJTSOZIL,X,X,X,X,X
TJTSOZLI,X,X,X,X,X
TJTZILSO,X,X,X,X,X
TJTZILOS,X,X,X,X,X
TJTZISLO,X,X,X,X,X
TJTZISOL,X,X,X,X,X
TJTZIOLS,X,X,X,X,X
TJTZIOSL,X,X,X,X,X
TJTZLISO,X,X,X,X,X
TJTZLIOS,X,X,X,X,X
TJTZLSIO,X,X,X,X,X
TJTZLSOI,X,X,X,X,X
TJTZLOIS,X,X,X,X,X
TJTZLOSI,X,X,X,X,X
TJTZSILO,X,X,X,X,X
TJTZSIOL,X,X,X,X,X
TJTZSLIO,X,X,X,X,X
TJTZSLOI,X,X,X,X,X
TJTZSOIL,X,X,X,X,X
TJTZSOLI,X,X,X,X,X
TJTZOILS,X,X,X,X,X
TJTZOISL,X,X,X,X,X
TJTZOLIS,X,X,X,X,X
TJTZOLSI,X,X,X,X,X
TJTZOSIL,X,X,X,X,X
TJTZOSLI,X,X,X,X,X
TJTOILSZ,X,X,X,X,X
TJTOILZS,X,X,X,X,X
TJTOISLZ,X,X,X,X,X
TJTOISZL,X,X,X,X,X
TJTOIZLS,X,X,X,X,X
TJTOIZSL,X,X,X,X,X
TJTOLISZ,X,X,X,X,X
TJTOLIZS,X,X,X,X,X
TJTOLSIZ,X,X,X,X,X
TJTOLSZI,X,X,X,X,X
TJTOLZIS,X,X,X,X,X
TJTOLZSI,X,X,X,X,X
TJTOSILZ,X,X,X,X,X
TJTOSIZL,X,X,X,X,X
TJTOSLIZ,X,X,X,X,X
TJTOSLZI,X,X,X,X,X
TJTOSZIL,X,X,X,X,X
TJTOSZLI,X,X,X,X,X
TJTOZILS,X,X,X,X,X
TJTOZISL,X,X,X,X,X
TJTOZLIS,X,X,X,X,X
TJTOZLSI,X,X,X,X,X
TJTOZSIL,X,X,X,X,X
TJTOZSLI,X,X,X,X,X
TJITLSZO,X,X,X,X,X
TJITLSOZ,X,X,X,X,X
TJITLZSO,X,X,X,X,X
TJITLZOS,X,X,X,X,X
TJITLOSZ,X,X,X,X,X
TJITLOZS,X,X,X,X,X
TJITSLZO,X,X,X,X,X
TJITSLOZ,X,X,X,X,X
TJITSZLO,X,X,X,X,X
TJITSZOL,X,X,X,X,X
TJITSOLZ,X,X,X,X,X
TJITSOZL,X,X,X,X,X
TJITZLSO,X,X,X,X,X
TJITZLOS,X,X,X,X,X
TJITZSLO,X,X,X,X,X
TJITZSOL,X,X,X,X,X
TJITZOLS,X,X,X,X,X
TJITZOSL,X,X,X,X,X
TJITOLSZ,X,X,X,X,X
TJITOLZS,X,X,X,X,X
TJITOSLZ,X,X,X,X,X
TJITOSZL,X,X,X,X,X
TJITOZLS,X,X,X,X,X
TJITOZSL,X,X,X,X,X
TJILTSZO,X,X,X,X,X
TJILTSOZ,X,X,X,X,X
TJILTZSO,X,X,X,X,X
TJILTZOS,X,X,X,X,X
TJILTOSZ,X,X,X,X,X
TJILTOZS,X,X,X,X,X
TJILSTZO,X,X,X,X,X
TJILSTOZ,X,X,X,X,X
TJILSZTO,X,X,X,X,X
TJILSZOT,X,X,X,X,X
TJILSOTZ,X,X,X,X,X
TJILSOZT,X,X,X,X,X
TJILZTSO,X,X,X,X,X
TJILZTOS,X,X,X,X,X
TJILZSTO,X,X,X,X,X
TJILZSOT,X,X,X,X,X
TJILZOTS,X,X,X,X,X
TJILZOST,X,X,X,X,X
TJILOTSZ,X,X,X,X,X
TJILOTZS,X,X,X,X,X
TJILOSTZ,X,X,X,X,X
TJILOSZT,X,X,X,X,X
TJILOZTS,X,X,X,X,X
TJILOZST,X,X,X,X,X
TJISTLZO,X,X,X,X,X
TJISTLOZ,X,X,X,X,X
TJISTZLO,X,X,X,X,X
TJISTZOL,X,X,X,X,X
TJISTOLZ,X,X,X,X,X
TJISTOZL,X,X,X,X,X
TJISLTZO,X,X,X,X,X
TJISLTOZ,X,X,X,X,X
TJISLZTO,X,X,X,X,X
TJISLZOT,X,X,X,X,X
TJISLOTZ,X,X,X,X,X
TJISLOZT,X,X,X,X,X
TJISZTLO,X,X,X,X,X
TJISZTOL,X,X,X,X,X
TJISZLTO,X,X,X,X,X
TJISZLOT,X,X,X,X,X
TJISZOTL,X,X,X,X,X
TJISZOLT,X,X,X,X,X
TJISOTLZ,X,X,X,X,X
TJISOTZL,X,X,X,X,X
TJISOLTZ,X,X,X,X,X
TJISOLZT,X,X,X,X,X
TJISOZTL,X,X,X,X,X
TJISOZLT,X,X,X,X,X
TJIZTLSO,X,X,X,X,X
TJIZTLOS,X,X,X,X,X
TJIZTSLO,X,X,X,X,X
TJIZTSOL,X,X,X,X,X
TJIZTOLS,X,X,X,X,X
TJIZTOSL,X,X,X,X,X
TJIZLTSO,X,X,X,X,X
TJIZLTOS,X,X,X,X,X
TJIZLSTO,X,X,X,X,X
TJIZLSOT,X,X,X,X,X
TJIZLOTS,X,X,X,X,X
TJIZLOST,X,X,X,X,X
TJIZSTLO,X,X,X,X,X
TJIZSTOL,X,X,X,X,X
TJIZSLTO,X,X,X,X,X
TJIZSLOT,X,X,X,X,X
TJIZSOTL,X,X,X,X,X
TJIZSOLT,X,X,X,X,X
TJIZOTLS,X,X,X,X,X
TJIZOTSL,X,X,X,X,X
TJIZOLTS,X,X,X,X,X
TJIZOLST,X,X,X,X,X
TJIZOSTL,X,X,X,X,X
TJIZOSLT,X,X,X,X,X
TJIOTLSZ,X,X,X,X,X
TJIOTLZS,X,X,X,X,X
TJIOTSLZ,X,X,X,X,X
TJIOTSZL,X,X,X,X,X
TJIOTZLS,X,X,X,X,X
TJIOTZSL,X,X,X,X,X
TJIOLTSZ,X,X,X,X,X
TJIOLTZS,X,X,X,X,X
TJIOLSTZ,X,X,X,X,X
TJIOLSZT,X,X,X,X,X
TJIOLZTS,X,X,X,X,X
TJIOLZST,X,X,X,X,X
TJIOSTLZ,X,X,X,X,X
TJIOSTZL,X,X,X,X,X
TJIOSLTZ,X,X,X,X,X
TJIOSLZT,X,X,X,X,X
TJIOSZTL,X,X,X,X,X
TJIOSZLT,X,X,X,X,X
TJIOZTLS,X,X,X,X,X
TJIOZTSL,X,X,X,X,X
TJIOZLTS,X,X,X,X,X
TJIOZLST,X,X,X,X,X
TJIOZSTL,X,X,X,X,X
TJIOZSLT,X,X,X,X,X
TJLTISZO,X,X,X,X,X
TJLTISOZ,X,X,X,X,X
TJLTIZSO,X,X,X,X,X
TJLTIZOS,X,X,X,X,X
TJLTIOSZ,X,X,X,X,X
TJLTIOZS,X,X,X,X,X
TJLTSIZO,X,X,X,X,X
TJLTSIOZ,X,X,X,X,X
TJLTSZIO,X,X,X,X,X
TJLTSZOI,X,X,X,X,X
TJLTSOIZ,X,X,X,X,X
TJLTSOZI,X,X,X,X,X
TJLTZISO,X,X,X,X,X
TJLTZIOS,X,X,X,X,X
TJLTZSIO,X,X,X,X,X
TJLTZSOI,X,X,X,X,X
TJLTZOIS,X,X,X,X,X
TJLTZOSI,X,X,X,X,X
TJLTOISZ,X,X,X,X,X
TJLTOIZS,X,X,X,X,X
TJLTOSIZ,X,X,X,X,X
TJLTOSZI,X,X,X,X,X
TJLTOZIS,X,X,X,X,X
TJLTOZSI,X,X,X,X,X
TJLITSZO,X,X,X,X,X
TJLITSOZ,X,X,X,X,X
TJLITZSO,X,X,X,X,X
TJLITZOS,X,X,X,X,X
TJLITOSZ,X,X,X,X,X
TJLITOZS,X,X,X,X,X
TJLISTZO,X,X,X,X,X
TJLISTOZ,X,X,X,X,X
TJLISZTO,X,X,X,X,X
TJLISZOT,X,X,X,X,X
TJLISOTZ,X,X,X,X,X
TJLISOZT,X,X,X,X,X
TJLIZTSO,X,X,X,X,X
TJLIZTOS,X,X,X,X,X
TJLIZSTO,X,X,X,X,X
TJLIZSOT,X,X,X,X,X
TJLIZOTS,X,X,X,X,X
TJLIZOST,X,X,X,X,X
TJLIOTSZ,X,X,X,X,X
TJLIOTZS,X,X,X,X,X
TJLIOSTZ,X,X,X,X,X
TJLIOSZT,X,X,X,X,X
TJLIOZTS,X,X,X,X,X
TJLIOZST,X,X,X,X,X
TJLSTIZO,X,X,X,X,X
TJLSTIOZ,X,X,X,X,X
TJLSTZIO,X,X,X,X,X
TJLSTZOI,X,X,X,X,X
TJLSTOIZ,X,X,X,X,X
TJLSTOZI,X,X,X,X,X
TJLSITZO,X,X,X,X,X
TJLSITOZ,X,X,X,X,X
TJLSIZTO,X,X,X,X,X
TJLSIZOT,X,X,X,X,X
TJLSIOTZ,X,X,X,X,X
TJLSIOZT,X,X,X,X,X
TJLSZTIO,X,X,X,X,X
TJLSZTOI,X,X,X,X,X
TJLSZITO,X,X,X,X,X
TJLSZIOT,X,X,X,X,X
TJLSZOTI,X,X,X,X,X
TJLSZOIT,X,X,X,X,X
TJLSOTIZ,X,X,X,X,X
TJLSOTZI,X,X,X,X,X
TJLSOITZ,X,X,X,X,X
TJLSOIZT,X,X,X,X,X
TJLSOZTI,X,X,X,X,X
TJLSOZIT,X,X,X,X,X
TJLZTISO,X,X,X,X,X
TJLZTIOS,X,X,X,X,X
TJLZTSIO,X,X,X,X,X
TJLZTSOI,X,X,X,X,X
TJLZTOIS,X,X,X,X,X
TJLZTOSI,X,X,X,X,X
TJLZITSO,X,X,X,X,X
TJLZITOS,X,X,X,X,X
TJLZISTO,X,X,X,X,X
TJLZISOT,X,X,X,X,X
TJLZIOTS,X,X,X,X,X
TJLZIOST,X,X,X,X,X
TJLZSTIO,X,X,X,X,X
TJLZSTOI,X,X,X,X,X
TJLZSITO,X,X,X,X,X
TJLZSIOT,X,X,X,X,X
TJLZSOTI,X,X,X,X,X
TJLZSOIT,X,X,X,X,X
TJLZOTIS,X,X,X,X,X
TJLZOTSI,X,X,X,X,X
TJLZOITS,X,X,X,X,X
TJLZOIST,X,X,X,X,X
TJLZOSTI,X,X,X,X,X
TJLZOSIT,X,X,X,X,X
TJLOTISZ,X,X,X,X,X
TJLOTIZS,X,X,X,X,X
TJLOTSIZ,X,X,X,X,X
TJLOTSZI,X,X,X,X,X
TJLOTZIS,X,X,X,X,X
TJLOTZSI,X,X,X,X,X
TJLOITSZ,X,X,X,X,X
TJLOITZS,X,X,X,X,X
TJLOISTZ,X,X,X,X,X
TJLOISZT,X,X,X,X,X
TJLOIZTS,X,X,X,X,X
TJLOIZST,X,X,X,X,X
TJLOSTIZ,X,X,X,X,X
TJLOSTZI,X,X,X,X,X
TJLOSITZ,X,X,X,X,X
TJLOSIZT,X,X,X,X,X
TJLOSZTI,X,X,X,X,X
TJLOSZIT,X,X,X,X,X
TJLOZTIS,X,X,X,X,X
TJLOZTSI,X,X,X,X,X
TJLOZITS,X,X,X,X,X
TJLOZIST,X,X,X,X,X
TJLOZSTI,X,X,X,X,X
TJLOZSIT,X,X,X,X,X
TJSTILZO,X,X,X,X,X
TJSTILOZ,X,X,X,X,X
TJSTIZLO,X,X,X,X,X
TJSTIZOL,X,X,X,X,X
TJSTIOLZ,X,X,X,X,X
TJSTIOZL,X,X,X,X,X
TJSTLIZO,X,X,X,X,X
TJSTLIOZ,X,X,X,X,X
TJSTLZIO,X,X,X,X,X
TJSTLZOI,X,X,X,X,X
TJSTLOIZ,X,X,X,X,X
TJSTLOZI,X,X,X,X,X
TJSTZILO,X,X,X,X,X
TJSTZIOL,X,X,X,X,X
TJSTZLIO,X,X,X,X,X
TJSTZLOI,X,X,X,X,X
TJSTZOIL,X,X,X,X,X
TJSTZOLI,X,X,X,X,X
TJSTOILZ,X,X,X,X,X
TJSTOIZL,X,X,X,X,X
TJSTOLIZ,X,X,X,X,X
TJSTOLZI,X,X,X,X,X
TJSTOZIL,X,X,X,X,X
TJSTOZLI,X,X,X,X,X
TJSITLZO,X,X,X,X,X
TJSITLOZ,X,X,X,X,X
TJSITZLO,X,X,X,X,X
TJSITZOL,X,X,X,X,X
TJSITOLZ,X,X,X,X,X
TJSITOZL,X,X,X,X,X
TJSILTZO,X,X,X,X,X
TJSILTOZ,X,X,X,X,X
TJSILZTO,X,X,X,X,X
TJSILZOT,X,X,X,X,X
TJSILOTZ,X,X,X,X,X
TJSILOZT,X,X,X,X,X
TJSIZTLO,X,X,X,X,X
TJSIZTOL,X,X,X,X,X
TJSIZLTO,X,X,X,X,X
TJSIZLOT,X,X,X,X,X
TJSIZOTL,X,X,X,X,X
TJSIZOLT,X,X,X,X,X
TJSIOTLZ,X,X,X,X,X
TJSIOTZL,X,X,X,X,X
TJSIOLTZ,X,X,X,X,X
TJSIOLZT,X,X,X,X,X
TJSIOZTL,X,X,X,X,X
TJSIOZLT,X,X,X,X,X
TJSLTIZO,X,X,X,X,X
TJSLTIOZ,X,X,X,X,X
TJSLTZIO,X,X,X,X,X
TJSLTZOI,X,X,X,X,X
TJSLTOIZ,X,X,X,X,X
TJSLTOZI,X,X,X,X,X
TJSLITZO,X,X,X,X,X
TJSLITOZ,X,X,X,X,X
TJSLIZTO,X,X,X,X,X
TJSLIZOT,X,X,X,X,X
TJSLIOTZ,X,X,X,X,X
TJSLIOZT,X,X,X,X,X
TJSLZTIO,X,X,X,X,X
TJSLZTOI,X,X,X,X,X
TJSLZITO,X,X,X,X,X
TJSLZIOT,X,X,X,X,X
TJSLZOTI,X,X,X,X,X
TJSLZOIT,X,X,X,X,X
TJSLOTIZ,X,X,X,X,X
TJSLOTZI,X,X,X,X,X
TJSLOITZ,X,X,X,X,X
TJSLOIZT,X,X,X,X,X
TJSLOZTI,X,X,X,X,X
TJSLOZIT,X,X,X,X,X
TJSZTILO,X,X,X,X,X
TJSZTIOL,X,X,X,X,X
TJSZTLIO,X,X,X,X,X
TJSZTLOI,X,X,X,X,X
TJSZTOIL,X,X,X,X,X
TJSZTOLI,X,X,X,X,X
TJSZITLO,X,X,X,X,X
TJSZITOL,X,X,X,X,X
TJSZILTO,X,X,X,X,X
TJSZILOT,X,X,X,X,X
TJSZIOTL,X,X,X,X,X
TJSZIOLT,X,X,X,X,X
TJSZLTIO,X,X,X,X,X
TJSZLTOI,X,X,X,X,X
TJSZLITO,X,X,X,X,X
TJSZLIOT,X,X,X,X,X
TJSZLOTI,X,X,X,X,X
TJSZLOIT,X,X,X,X,X
TJSZOTIL,X,X,X,X,X
TJSZOTLI,X,X,X,X,X
TJSZOITL,X,X,X,X,X
TJSZOILT,X,X,X,X,X
TJSZOLTI,X,X,X,X,X
TJSZOLIT,X,X,X,X,X
TJSOTILZ,X,X,X,X,X
TJSOTIZL,X,X,X,X,X
TJSOTLIZ,X,X,X,X,X
TJSOTLZI,X,X,X,X,X
TJSOTZIL,X,X,X,X,X
TJSOTZLI,X,X,X,X,X
TJSOITLZ,X,X,X,X,X
TJSOITZL,X,X,X,X,X
TJSOILTZ,X,X,X,X,X
TJSOILZT,X,X,X,X,X
TJSOIZTL,X,X,X,X,X
TJSOIZLT,X,X,X,X,X
TJSOLTIZ,X,X,X,X,X
TJSOLTZI,X,X,X,X,X
TJSOLITZ,X,X,X,X,X
TJSOLIZT,X,X,X,X,X
TJSOLZTI,X,X,X,X,X
TJSOLZIT,X,X,X,X,X
TJSOZTIL,X,X,X,X,X
TJSOZTLI,X,X,X,X,X
TJSOZITL,X,X,X,X,X
TJSOZILT,X,X,X,X,X
TJSOZLTI,X,X,X,X,X
TJSOZLIT,X,X,X,X,X
TJZTILSO,X,X,X,X,X
TJZTILOS,X,X,X,X,X
TJZTISLO,X,X,X,X,X
TJZTISOL,X,X,X,X,X
TJZTIOLS,X,X,X,X,X
TJZTIOSL,X,X,X,X,X
TJZTLISO,X,X,X,X,X
TJZTLIOS,X,X,X,X,X
TJZTLSIO,X,X,X,X,X
TJZTLSOI,X,X,X,X,X
TJZTLOIS,X,X,X,X,X
TJZTLOSI,X,X,X,X,X
TJZTSILO,X,X,X,X,X
TJZTSIOL,X,X,X,X,X
TJZTSLIO,X,X,X,X,X
TJZTSLOI,X,X,X,X,X
TJZTSOIL,X,X,X,X,X
TJZTSOLI,X,X,X,X,X
TJZTOILS,X,X,X,X,X
TJZTOISL,X,X,X,X,X
TJZTOLIS,X,X,X,X,X
TJZTOLSI,X,X,X,X,X
TJZTOSIL,X,X,X,X,X
TJZTOSLI,X,X,X,X,X
TJZITLSO,X,X,X,X,X
TJZITLOS,X,X,X,X,X
TJZITSLO,X,X,X,X,X
TJZITSOL,X,X,X,X,X
TJZITOLS,X,X,X,X,X
TJZITOSL,X,X,X,X,X
TJZILTSO,X,X,X,X,X
TJZILTOS,X,X,X,X,X
TJZILSTO,X,X,X,X,X
TJZILSOT,X,X,X,X,X
TJZILOTS,X,X,X,X,X
TJZILOST,X,X,X,X,X
TJZISTLO,X,X,X,X,X
TJZISTOL,X,X,X,X,X
TJZISLTO,X,X,X,X,X
TJZISLOT,X,X,X,X,X
TJZISOTL,X,X,X,X,X
TJZISOLT,X,X,X,X,X
TJZIOTLS,X,X,X,X,X
TJZIOTSL,X,X,X,X,X
TJZIOLTS,X,X,X,X,X
TJZIOLST,X,X,X,X,X
TJZIOSTL,X,X,X,X,X
TJZIOSLT,X,X,X,X,X
TJZLTISO,X,X,X,X,X
TJZLTIOS,X,X,X,X,X
TJZLTSIO,X,X,X,X,X
TJZLTSOI,X,X,X,X,X
TJZLTOIS,X,X,X,X,X
TJZLTOSI,X,X,X,X,X
TJZLITSO,X,X,X,X,X
TJZLITOS,X,X,X,X,X
TJZLISTO,X,X,X,X,X
TJZLISOT,X,X,X,X,X
TJZLIOTS,X,X,X,X,X
TJZLIOST,X,X,X,X,X
TJZLSTIO,X,X,X,X,X
TJZLSTOI,X,X,X,X,X
TJZLSITO,X,X,X,X,X
TJZLSIOT,X,X,X,X,X
TJZLSOTI,X,X,X,X,X
TJZLSOIT,X,X,X,X,X
TJZLOTIS,X,X,X,X,X
TJZLOTSI,X,X,X,X,X
TJZLOITS,X,X,X,X,X
TJZLOIST,X,X,X,X,X
TJZLOSTI,X,X,X,X,X
TJZLOSIT,X,X,X,X,X
TJZSTILO,X,X,X,X,X
TJZSTIOL,X,X,X,X,X
TJZSTLIO,X,X,X,X,X
TJZSTLOI,X,X,X,X,X
TJZSTOIL,X,X,X,X,X
TJZSTOLI,X,X,X,X,X
TJZSITLO,X,X,X,X,X
TJZSITOL,X,X,X,X,X
TJZSILTO,X,X,X,X,X
TJZSILOT,X,X,X,X,X
TJZSIOTL,X,X,X,X,X
TJZSIOLT,X,X,X,X,X
TJZSLTIO,X,X,X,X,X
TJZSLTOI,X,X,X,X,X
TJZSLITO,X,X,X,X,X
TJZSLIOT,X,X,X,X,X
TJZSLOTI,X,X,X,X,X
TJZSLOIT,X,X,X,X,X
TJZSOTIL,X,X,X,X,X
TJZSOTLI,X,X,X,X,X
TJZSOITL,X,X,X,X,X
TJZSOILT,X,X,X,X,X
TJZSOLTI,X,X,X,X,X
TJZSOLIT,X,X,X,X,X
TJZOTILS,X,X,X,X,X
TJZOTISL,X,X,X,X,X
TJZOTLIS,X,X,X,X,X
TJZOTLSI,X,X,X,X,X
TJZOTSIL,X,X,X,X,X
TJZOTSLI,X,X,X,X,X
TJZOITLS,X,X,X,X,X
TJZOITSL,X,X,X,X,X
TJZOILTS,X,X,X,X,X
TJZOILST,X,X,X,X,X
TJZOISTL,X,X,X,X,X
TJZOISLT,X,X,X,X,X
TJZOLTIS,X,X,X,X,X
TJZOLTSI,X,X,X,X,X
TJZOLITS,X,X,X,X,X
TJZOLIST,X,X,X,X,X
TJZOLSTI,X,X,X,X,X
TJZOLSIT,X,X,X,X,X
TJZOSTIL,X,X,X,X,X
TJZOSTLI,X,X,X,X,X
TJZOSITL,X,X,X,X,X
TJZOSILT,X,X,X,X,X
TJZOSLTI,X,X,X,X,X
TJZOSLIT,X,X,X,X,X
TJOTILSZ,X,X,X,X,X
TJOTILZS,X,X,X,X,X
TJOTISLZ,X,X,X,X,X
TJOTISZL,X,X,X,X,X
TJOTIZLS,X,X,X,X,X
TJOTIZSL,X,X,X,X,X
TJOTLISZ,X,X,X,X,X
TJOTLIZS,X,X,X,X,X
TJOTLSIZ,X,X,X,X,X
TJOTLSZI,X,X,X,X,X
TJOTLZIS,X,X,X,X,X
TJOTLZSI,X,X,X,X,X
TJOTSILZ,X,X,X,X,X
TJOTSIZL,X,X,X,X,X
TJOTSLIZ,X,X,X,X,X
TJOTSLZI,X,X,X,X,X
TJOTSZIL,X,X,X,X,X
TJOTSZLI,X,X,X,X,X
TJOTZILS,X,X,X,X,X
TJOTZISL,X,X,X,X,X
TJOTZLIS,X,X,X,X,X
TJOTZLSI,X,X,X,X,X
TJOTZSIL,X,X,X,X,X
TJOTZSLI,X,X,X,X,X
TJOITLSZ,X,X,X,X,X
TJOITLZS,X,X,X,X,X
TJOITSLZ,X,X,X,X,X
TJOITSZL,X,X,X,X,X
TJOITZLS,X,X,X,X,X
TJOITZSL,X,X,X,X,X
TJOILTSZ,X,X,X,X,X
TJOILTZS,X,X,X,X,X
TJOILSTZ,X,X,X,X,X
TJOILSZT,X,X,X,X,X
TJOILZTS,X,X,X,X,X
TJOILZST,X,X,X,X,X
TJOISTLZ,X,X,X,X,X
TJOISTZL,X,X,X,X,X
TJOISLTZ,X,X,X,X,X
TJOISLZT,X,X,X,X,X
TJOISZTL,X,X,X,X,X
TJOISZLT,X,X,X,X,X
TJOIZTLS,X,X,X,X,X
TJOIZTSL,X,X,X,X,X
TJOIZLTS,X,X,X,X,X
TJOIZLST,X,X,X,X,X
TJOIZSTL,X,X,X,X,X
TJOIZSLT,X,X,X,X,X
TJOLTISZ,X,X,X,X,X
TJOLTIZS,X,X,X,X,X
TJOLTSIZ,X,X,X,X,X
TJOLTSZI,X,X,X,X,X
TJOLTZIS,X,X,X,X,X
TJOLTZSI,X,X,X,X,X
TJOLITSZ,X,X,X,X,X
TJOLITZS,X,X,X,X,X
TJOLISTZ,X,X,X,X,X
TJOLISZT,X,X,X,X,X
TJOLIZTS,X,X,X,X,X
TJOLIZST,X,X,X,X,X
TJOLSTIZ,X,X,X,X,X
TJOLSTZI,X,X,X,X,X
TJOLSITZ,X,X,X,X,X
TJOLSIZT,X,X,X,X,X
TJOLSZTI,X,X,X,X,X
TJOLSZIT,X,X,X,X,X
TJOLZTIS,X,X,X,X,X
TJOLZTSI,X,X,X,X,X
TJOLZITS,X,X,X,X,X
TJOLZIST,X,X,X,X,X
TJOLZSTI,X,X,X,X,X
TJOLZSIT,X,X,X,X,X
TJOSTILZ,X,X,X,X,X
TJOSTIZL,X,X,X,X,X
TJOSTLIZ,X,X,X,X,X
TJOSTLZI,X,X,X,X,X
TJOSTZIL,X,X,X,X,X
TJOSTZLI,X,X,X,X,X
TJOSITLZ,X,X,X,X,X
TJOSITZL,X,X,X,X,X
TJOSILTZ,X,X,X,X,X
TJOSILZT,X,X,X,X,X
TJOSIZTL,X,X,X,X,X
TJOSIZLT,X,X,X,X,X
TJOSLTIZ,X,X,X,X,X
TJOSLTZI,X,X,X,X,X
TJOSLITZ,X,X,X,X,X
TJOSLIZT,X,X,X,X,X
TJOSLZTI,X,X,X,X,X
TJOSLZIT,X,X,X,X,X
TJOSZTIL,X,X,X,X,X
TJOSZTLI,X,X,X,X,X
TJOSZITL,X,X,X,X,X
TJOSZILT,X,X,X,X,X
TJOSZLTI,X,X,X,X,X
TJOSZLIT,X,X,X,X,X
TJOZTILS,X,X,X,X,X
TJOZTISL,X,X,X,X,X
TJOZTLIS,X,X,X,X,X
TJOZTLSI,X,X,X,X,X
TJOZTSIL,X,X,X,X,X
TJOZTSLI,X,X,X,X,X
TJOZITLS,X,X,X,X,X
TJOZITSL,X,X,X,X,X
TJOZILTS,X,X,X,X,X
TJOZILST,X,X,X,X,X
TJOZISTL,X,X,X,X,X
TJOZISLT,X,X,X,X,X
TJOZLTIS,X,X,X,X,X
TJOZLTSI,X,X,X,X,X
TJOZLITS,X,X,X,X,X
TJOZLIST,X,X,X,X,X
TJOZLSTI,X,X,X,X,X
TJOZLSIT,X,X,X,X,X
TJOZSTIL,X,X,X,X,X
TJOZSTLI,X,X,X,X,X
TJOZSITL,X,X,X,X,X
TJOZSILT,X,X,X,X,X
TJOZSLTI,X,X,X,X,X
TJOZSLIT,X,X,X,X,X
TSTILJZO,X,X,X,X,X
TSTILJOZ,X,X,X,X,X
TSTILZJO,X,X,X,X,X
TSTILZOJ,X,X,X,X,X
TSTILOJZ,X,X,X,X,X
TSTILOZJ,X,X,X,X,X
TSTIJLZO,X,X,X,X,X
TSTIJLOZ,X,X,X,X,X
TSTIJZLO,X,X,X,X,X
TSTIJZOL,X,X,X,X,X
TSTIJOLZ,X,X,X,X,X
TSTIJOZL,X,X,X,X,X
TSTIZLJO,X,X,X,X,X
TSTIZLOJ,X,X,X,X,X
TSTIZJLO,X,X,X,X,X
TSTIZJOL,X,X,X,X,X
TSTIZOLJ,X,X,X,X,X
TSTIZOJL,X,X,X,X,X
TSTIOLJZ,X,X,X,X,X
TSTIOLZJ,X,X,X,X,X
TSTIOJLZ,X,X,X,X,X
TSTIOJZL,X,X,X,X,X
TSTIOZLJ,X,X,X,X,X
TSTIOZJL,X,X,X,X,X
TSTLIJZO,X,X,X,X,X
TSTLIJOZ,X,X,X,X,X
TSTLIZJO,X,X,X,X,X
TSTLIZOJ,O,X,X,X,X
TSTLIOJZ,O,X,X,X,X
TSTLIOZJ,O,X,X,X,X
TSTLJIZO,X,X,X,X,X
TSTLJIOZ,X,X,X,X,X
TSTLJZIO,X,X,X,X,X
TSTLJZOI,X,X,X,X,X
TSTLJOIZ,X,X,X,X,X
TSTLJOZI,X,X,X,X,X
TSTLZIJO,X,X,X,X,X
TSTLZIOJ,O,X,X,X,X
TSTLZJIO,X,X,X,X,X
TSTLZJOI,X,X,X,X,X
TSTLZOIJ,O,X,X,X,X
TSTLZOJI,O,X,X,X,X
TSTLOIJZ,O,X,X,X,X
TSTLOIZJ,O,X,X,X,X
TSTLOJIZ,O,X,X,X,X
TSTLOJZI,O,X,X,X,X
TSTLOZIJ,O,X,X,X,X
TSTLOZJI,O,X,X,X,X
TSTJILZO,X,X,X,X,X
TSTJILOZ,X,X,X,X,X
TSTJIZLO,X,X,X,X,X
TSTJIZOL,X,X,X,X,X
TSTJIOLZ,X,X,X,X,X
TSTJIOZL,X,X,X,X,X
TSTJLIZO,X,X,X,X,X
TSTJLIOZ,X,X,X,X,X
TSTJLZIO,X,X,X,X,X
TSTJLZOI,X,X,X,X,X
TSTJLOIZ,X,X,X,X,X
TSTJLOZI,X,X,X,X,X
TSTJZILO,X,X,X,X,X
TSTJZIOL,X,X,X,X,X
TSTJZLIO,X,X,X,X,X
TSTJZLOI,X,X,X,X,X
TSTJZOIL,X,X,X,X,X
TSTJZOLI,X,X,X,X,X
TSTJOILZ,X,X,X,X,X
TSTJOIZL,X,X,X,X,X
TSTJOLIZ,X,X,X,X,X
TSTJOLZI,X,X,X,X,X
TSTJOZIL,X,X,X,X,X
TSTJOZLI,X,X,X,X,X
TSTZILJO,X,X,X,X,X
TSTZILOJ,X,X,X,X,X
TSTZIJLO,X,X,X,X,X
TSTZIJOL,X,X,X,X,X
TSTZIOLJ,X,X,X,X,X
TSTZIOJL,X,X,X,X,X
TSTZLIJO,X,X,X,X,X
TSTZLIOJ,O,X,X,X,X
TSTZLJIO,X,X,X,X,X
TSTZLJOI,X,X,X,X,X
TSTZLOIJ,O,X,X,X,X
TSTZLOJI,O,X,X,X,X
TSTZJILO,X,X,X,X,X
TSTZJIOL,X,X,X,X,X
TSTZJLIO,X,X,X,X,X
TSTZJLOI,X,X,X,X,X
TSTZJOIL,X,X,X,X,X
TSTZJOLI,X,X,X,X,X
TSTZOILJ,X,X,X,X,X
TSTZOIJL,X,X,X,X,X
TSTZOLIJ,O,X,X,X,X
TSTZOLJI,O,X,X,X,X
TSTZOJIL,X,X,X,X,X
TSTZOJLI,O,X,X,X,X
TSTOILJZ,X,X,X,X,X
TSTOILZJ,X,X,X,X,X
TSTOIJLZ,X,X,X,X,X
TSTOIJZL,X,X,X,X,X
TSTOIZLJ,X,X,X,X,X
TSTOIZJL,X,X,X,X,X
TSTOLIJZ,O,X,X,X,X
TSTOLIZJ,O,X,X,X,X
TSTOLJIZ,O,X,X,X,X
TSTOLJZI,O,X,X,X,X
TSTOLZIJ,O,X,X,X,X
TSTOLZJI,O,X,X,X,X
TSTOJILZ,X,X,X,X,X
TSTOJIZL,X,X,X,X,X
TSTOJLIZ,O,X,X,X,X
TSTOJLZI,O,X,X,X,X
TSTOJZIL,X,X,X,X,X
TSTOJZLI,O,X,X,X,X
TSTOZILJ,X,X,X,X,X
TSTOZIJL,X,X,X,X,X
TSTOZLIJ,O,X,X,X,X
TSTOZLJI,O,X,X,X,X
TSTOZJIL,X,X,X,X,X
TSTOZJLI,O,X,X,X,X
TSITLJZO,X,X,X,X,X
TSITLJOZ,X,X,X,X,X
TSITLZJO,X,X,X,X,X
TSITLZOJ,X,X,X,X,X
TSITLOJZ,X,X,X,X,X
TSITLOZJ,X,X,X,X,X
TSITJLZO,X,X,X,X,X
TSITJLOZ,X,X,X,X,X
TSITJZLO,X,X,X,X,X
TSITJZOL,X,X,X,X,X
TSITJOLZ,X,X,X,X,X
TSITJOZL,X,X,X,X,X
TSITZLJO,X,X,X,X,X
TSITZLOJ,X,X,X,X,X
TSITZJLO,X,X,X,X,X
TSITZJOL,X,X,X,X,X
TSITZOLJ,X,X,X,X,X
TSITZOJL,X,X,X,X,X
TSITOLJZ,X,X,X,X,X
TSITOLZJ,X,X,X,X,X
TSITOJLZ,X,X,X,X,X
TSITOJZL,X,X,X,X,X
TSITOZLJ,X,X,X,X,X
TSITOZJL,X,X,X,X,X
TSILTJZO,X,X,X,X,X
TSILTJOZ,X,X,X,X,X
TSILTZJO,X,X,X,X,X
TSILTZOJ,O,X,X,X,X
TSILTOJZ,O,X,X,X,X
TSILTOZJ,O,X,X,X,X
TSILJTZO,X,X,X,X,X
TSILJTOZ,X,X,X,X,X
TSILJZTO,X,X,X,X,X
TSILJZOT,O,X,X,X,X
TSILJOTZ,O,X,X,X,X
TSILJOZT,O,X,X,X,X
TSILZTJO,X,X,X,X,X
TSILZTOJ,O,X,X,X,X
TSILZJTO,X,X,X,X,X
TSILZJOT,O,X,X,X,X
TSILZOTJ,O,X,X,X,X
TSILZOJT,O,X,X,X,X
TSILOTJZ,O,X,X,X,X
TSILOTZJ,O,X,X,X,X
TSILOJTZ,O,X,X,X,X
TSILOJZT,O,X,X,X,X
TSILOZTJ,O,X,X,X,X
TSILOZJT,O,X,X,X,X
TSIJTLZO,X,X,X,X,X
TSIJTLOZ,X,X,X,X,X
TSIJTZLO,X,X,X,X,X
TSIJTZOL,X,X,X,X,X
TSIJTOLZ,X,X,X,X,X
TSIJTOZL,X,X,X,X,X
TSIJLTZO,X,X,X,X,X
TSIJLTOZ,X,X,X,X,X
TSIJLZTO,X,X,X,X,X
TSIJLZOT,X,X,X,X,X
TSIJLOTZ,X,X,X,X,X
TSIJLOZT,X,X,X,X,X
TSIJZTLO,X,X,X,X,X
TSIJZTOL,X,X,X,X,X
TSIJZLTO,X,X,X,X,X
TSIJZLOT,X,X,X,X,X
TSIJZOTL,X,X,X,X,X
TSIJZOLT,X,X,X,X,X
TSIJOTLZ,X,X,X,X,X
TSIJOTZL,X,X,X,X,X
TSIJOLTZ,X,X,X,X,X
TSIJOLZT,X,X,X,X,X
TSIJOZTL,X,X,X,X,X
TSIJOZLT,X,X,X,X,X
TSIZTLJO,X,X,X,X,X
TSIZTLOJ,X,X,X,X,X
TSIZTJLO,X,X,X,X,X
TSIZTJOL,X,X,X,X,X
TSIZTOLJ,X,X,X,X,X
TSIZTOJL,X,X,X,X,X
TSIZLTJO,X,X,X,X,X
TSIZLTOJ,O,X,X,X,X
TSIZLJTO,X,X,X,X,X
TSIZLJOT,O,X,X,X,X
TSIZLOTJ,O,X,X,X,X
TSIZLOJT,O,X,X,X,X
TSIZJTLO,X,X,X,X,X
TSIZJTOL,X,X,X,X,X
TSIZJLTO,X,X,X,X,X
TSIZJLOT,X,X,X,X,X
TSIZJOTL,X,X,X,X,X
TSIZJOLT,X,X,X,X,X
TSIZOTLJ,X,X,X,X,X
TSIZOTJL,X,X,X,X,X
TSIZOLTJ,O,X,X,X,X
TSIZOLJT,O,X,X,X,X
TSIZOJTL,X,X,X,X,X
TSIZOJLT,O,X,X,X,X
TSIOTLJZ,X,X,X,X,X
TSIOTLZJ,X,X,X,X,X
TSIOTJLZ,X,X,X,X,X
TSIOTJZL,X,X,X,X,X
TSIOTZLJ,X,X,X,X,X
TSIOTZJL,X,X,X,X,X
TSIOLTJZ,O,X,X,X,X
TSIOLTZJ,O,X,X,X,X
TSIOLJTZ,O,X,X,X,X
TSIOLJZT,O,X,X,X,X
TSIOLZTJ,O,X,X,X,X
TSIOLZJT,O,X,X,X,X
TSIOJTLZ,X,X,X,X,X
TSIOJTZL,X,X,X,X,X
TSIOJLTZ,O,X,X,X,X
TSIOJLZT,O,X,X,X,X
TSIOJZTL,X,X,X,X,X
TSIOJZLT,O,X,X,X,X
TSIOZTLJ,X,X,X,X,X
TSIOZTJL,X,X,X,X,X
TSIOZLTJ,O,X,X,X,X
TSIOZLJT,O,X,X,X,X
TSIOZJTL,X,X,X,X,X
TSIOZJLT,O,X,X,X,X
TSLTIJZO,X,X,X,X,X
TSLTIJOZ,X,X,X,X,X
TSLTIZJO,X,X,X,X,X
TSLTIZOJ,O,X,X,X,X
TSLTIOJZ,O,X,X,X,X
TSLTIOZJ,O,X,X,X,X
TSLTJIZO,X,X,X,X,X
TSLTJIOZ,X,X,X,X,X
TSLTJZIO,X,X,X,X,X
TSLTJZOI,X,X,X,X,X
TSLTJOIZ,X,X,X,X,X
TSLTJOZI,X,X,X,X,X
TSLTZIJO,X,X,X,X,X
TSLTZIOJ,O,X,X,X,X
TSLTZJIO,X,X,X,X,X
TSLTZJOI,X,X,X,X,X
TSLTZOIJ,O,X,X,X,X
TSLTZOJI,O,X,X,X,X
TSLTOIJZ,O,X,X,X,X
TSLTOIZJ,O,X,X,X,X
TSLTOJIZ,O,X,X,X,X
TSLTOJZI,O,X,X,X,X
TSLTOZIJ,O,X,X,X,X
TSLTOZJI,O,X,X,X,X
TSLITJZO,X,X,X,X,X
TSLITJOZ,X,X,X,X,X
TSLITZJO,X,X,X,X,X
TSLITZOJ,O,X,X,X,X
TSLITOJZ,O,X,X,X,X
TSLITOZJ,O,X,X,X,X
TSLIJTZO,X,X,X,X,X
TSLIJTOZ,X,X,X,X,X
TSLIJZTO,X,X,X,X,X
TSLIJZOT,O,X,X,X,X
TSLIJOTZ,O,X,X,X,X
TSLIJOZT,O,X,X,X,X
TSLIZTJO,X,X,X,X,X
TSLIZTOJ,O,X,X,X,X
TSLIZJTO,X,X,X,X,X
TSLIZJOT,O,X,X,X,X
TSLIZOTJ,O,X,X,X,X
TSLIZOJT,O,X,X,X,X
TSLIOTJZ,O,X,X,X,X
TSLIOTZJ,O,X,X,X,X
TSLIOJTZ,O,X,X,X,X
TSLIOJZT,O,X,X,X,X
TSLIOZTJ,O,X,X,X,X
TSLIOZJT,O,X,X,X,X
TSLJTIZO,X,X,X,X,X
TSLJTIOZ,X,X,X,X,X
TSLJTZIO,X,X,X,X,X
TSLJTZOI,X,X,X,X,X
TSLJTOIZ,X,X,X,X,X
TSLJTOZI,X,X,X,X,X
TSLJITZO,X,X,X,X,X
TSLJITOZ,X,X,X,X,X
TSLJIZTO,X,X,X,X,X
TSLJIZOT,O,X,X,X,X
TSLJIOTZ,O,X,X,X,X
TSLJIOZT,O,X,X,X,X
TSLJZTIO,X,X,X,X,X
TSLJZTOI,X,X,X,X,X
TSLJZITO,X,X,X,X,X
TSLJZIOT,O,X,X,X,X
TSLJZOTI,O,X,X,X,X
TSLJZOIT,O,X,X,X,X
TSLJOTIZ,O,X,X,X,X
TSLJOTZI,O,X,X,X,X
TSLJOITZ,O,X,X,X,X
TSLJOIZT,O,X,X,X,X
TSLJOZTI,O,X,X,X,X
TSLJOZIT,O,X,X,X,X
TSLZTIJO,X,X,X,X,X
TSLZTIOJ,O,X,X,X,X
TSLZTJIO,X,X,X,X,X
TSLZTJOI,X,X,X,X,X
TSLZTOIJ,O,X,X,X,X
TSLZTOJI,O,X,X,X,X
TSLZITJO,X,X,X,X,X
TSLZITOJ,O,X,X,X,X
TSLZIJTO,X,X,X,X,X
TSLZIJOT,O,X,X,X,X
TSLZIOTJ,O,X,X,X,X
TSLZIOJT,O,X,X,X,X
TSLZJTIO,X,X,X,X,X
TSLZJTOI,X,X,X,X,X
TSLZJITO,X,X,X,X,X
TSLZJIOT,O,X,X,X,X
TSLZJOTI,O,X,X,X,X
TSLZJOIT,O,X,X,X,X
TSLZOTIJ,O,X,X,X,X
TSLZOTJI,O,X,X,X,X
TSLZOITJ,O,X,X,X,X
TSLZOIJT,O,X,X,X,X
TSLZOJTI,O,X,X,X,X
TSLZOJIT,O,X,X,X,X
TSLOTIJZ,O,X,X,X,X
TSLOTIZJ,O,X,X,X,X
TSLOTJIZ,O,X,X,X,X
TSLOTJZI,O,X,X,X,X
TSLOTZIJ,O,X,X,X,X
TSLOTZJI,O,X,X,X,X
TSLOITJZ,O,X,X,X,X
TSLOITZJ,O,X,X,X,X
TSLOIJTZ,O,X,X,X,X
TSLOIJZT,O,X,X,X,X
TSLOIZTJ,O,X,X,X,X
TSLOIZJT,O,X,X,X,X
TSLOJTIZ,O,X,X,X,X
TSLOJTZI,O,X,X,X,X
TSLOJITZ,O,X,X,X,X
TSLOJIZT,O,X,X,X,X
TSLOJZTI,O,X,X,X,X
TSLOJZIT,O,X,X,X,X
TSLOZTIJ,O,X,X,X,X
TSLOZTJI,O,X,X,X,X
TSLOZITJ,O,X,X,X,X
TSLOZIJT,O,X,X,X,X
TSLOZJTI,O,X,X,X,X
TSLOZJIT,O,X,X,X,X
TSJTILZO,X,X,X,X,X
TSJTILOZ,X,X,X,X,X
TSJTIZLO,X,X,X,X,X
TSJTIZOL,X,X,X,X,X
TSJTIOLZ,X,X,X,X,X
TSJTIOZL,X,X,X,X,X
TSJTLIZO,X,X,X,X,X
TSJTLIOZ,X,X,X,X,X
TSJTLZIO,X,X,X,X,X
TSJTLZOI,X,X,X,X,X
TSJTLOIZ,X,X,X,X,X
TSJTLOZI,X,X,X,X,X
TSJTZILO,X,X,X,X,X
TSJTZIOL,X,X,X,X,X
TSJTZLIO,X,X,X,X,X
TSJTZLOI,X,X,X,X,X
TSJTZOIL,X,X,X,X,X
TSJTZOLI,X,X,X,X,X
TSJTOILZ,X,X,X,X,X
TSJTOIZL,X,X,X,X,X
TSJTOLIZ,X,X,X,X,X
TSJTOLZI,X,X,X,X,X
TSJTOZIL,X,X,X,X,X
TSJTOZLI,X,X,X,X,X
TSJITLZO,X,X,X,X,X
TSJITLOZ,X,X,X,X,X
TSJITZLO,X,X,X,X,X
TSJITZOL,X,X,X,X,X
TSJITOLZ,X,X,X,X,X
TSJITOZL,X,X,X,X,X
TSJILTZO,X,X,X,X,X
TSJILTOZ,X,X,X,X,X
TSJILZTO,X,X,X,X,X
TSJILZOT,X,X,X,X,X
TSJILOTZ,X,X,X,X,X
TSJILOZT,X,X,X,X,X
TSJIZTLO,X,X,X,X,X
TSJIZTOL,X,X,X,X,X
TSJIZLTO,X,X,X,X,X
TSJIZLOT,X,X,X,X,X
TSJIZOTL,X,X,X,X,X
TSJIZOLT,X,X,X,X,X
TSJIOTLZ,X,X,X,X,X
TSJIOTZL,X,X,X,X,X
TSJIOLTZ,X,X,X,X,X
TSJIOLZT,X,X,X,X,X
TSJIOZTL,X,X,X,X,X
TSJIOZLT,X,X,X,X,X
TSJLTIZO,X,X,X,X,X
TSJLTIOZ,X,X,X,X,X
TSJLTZIO,X,X,X,X,X
TSJLTZOI,X,X,X,X,X
TSJLTOIZ,X,X,X,X,X
TSJLTOZI,X,X,X,X,X
TSJLITZO,X,X,X,X,X
TSJLITOZ,X,X,X,X,X
TSJLIZTO,X,X,X,X,X
TSJLIZOT,O,X,X,X,X
TSJLIOTZ,O,X,X,X,X
TSJLIOZT,O,X,X,X,X
TSJLZTIO,X,X,X,X,X
TSJLZTOI,X,X,X,X,X
TSJLZITO,X,X,X,X,X
TSJLZIOT,O,X,X,X,X
TSJLZOTI,O,X,X,X,X
TSJLZOIT,O,X,X,X,X
TSJLOTIZ,O,X,X,X,X
TSJLOTZI,O,X,X,X,X
TSJLOITZ,O,X,X,X,X
TSJLOIZT,O,X,X,X,X
TSJLOZTI,O,X,X,X,X
TSJLOZIT,O,X,X,X,X
TSJZTILO,X,X,X,X,X
TSJZTIOL,X,X,X,X,X
TSJZTLIO,X,X,X,X,X
TSJZTLOI,X,X,X,X,X
TSJZTOIL,X,X,X,X,X
TSJZTOLI,X,X,X,X,X
TSJZITLO,X,X,X,X,X
TSJZITOL,X,X,X,X,X
TSJZILTO,X,X,X,X,X
TSJZILOT,X,X,X,X,X
TSJZIOTL,X,X,X,X,X
TSJZIOLT,X,X,X,X,X
TSJZLTIO,X,X,X,X,X
TSJZLTOI,X,X,X,X,X
TSJZLITO,X,X,X,X,X
TSJZLIOT,O,X,X,X,X
TSJZLOTI,O,X,X,X,X
TSJZLOIT,O,X,X,X,X
TSJZOTIL,X,X,X,X,X
TSJZOTLI,O,X,X,X,X
TSJZOITL,X,X,X,X,X
TSJZOILT,O,X,X,X,X
TSJZOLTI,O,X,X,X,X
TSJZOLIT,O,X,X,X,X
TSJOTILZ,X,X,X,X,X
TSJOTIZL,X,X,X,X,X
TSJOTLIZ,O,X,X,X,X
TSJOTLZI,O,X,X,X,X
TSJOTZIL,X,X,X,X,X
TSJOTZLI,O,X,X,X,X
TSJOITLZ,X,X,X,X,X
TSJOITZL,X,X,X,X,X
TSJOILTZ,O,X,X,X,X
TSJOILZT,O,X,X,X,X
TSJOIZTL,X,X,X,X,X
TSJOIZLT,O,X,X,X,X
TSJOLTIZ,O,X,X,X,X
TSJOLTZI,O,X,X,X,X
TSJOLITZ,O,X,X,X,X
TSJOLIZT,O,X,X,X,X
TSJOLZTI,O,X,X,X,X
TSJOLZIT,O,X,X,X,X
TSJOZTIL,X,X,X,X,X
TSJOZTLI,O,X,X,X,X
TSJOZITL,X,X,X,X,X
TSJOZILT,O,X,X,X,X
TSJOZLTI,O,X,X,X,X
TSJOZLIT,O,X,X,X,X
TSZTILJO,X,X,X,X,X
TSZTILOJ,X,X,X,X,X
TSZTIJLO,X,X,X,X,X
TSZTIJOL,X,X,X,X,X
TSZTIOLJ,X,X,X,X,X
TSZTIOJL,X,X,X,X,X
TSZTLIJO,X,X,X,X,X
TSZTLIOJ,O,X,X,X,X
TSZTLJIO,X,X,X,X,X
TSZTLJOI,X,X,X,X,X
TSZTLOIJ,O,X,X,X,X
TSZTLOJI,O,X,X,X,X
TSZTJILO,X,X,X,X,X
TSZTJIOL,X,X,X,X,X
TSZTJLIO,X,X,X,X,X
TSZTJLOI,X,X,X,X,X
TSZTJOIL,X,X,X,X,X
TSZTJOLI,X,X,X,X,X
TSZTOILJ,X,X,X,X,X
TSZTOIJL,X,X,X,X,X
TSZTOLIJ,O,X,X,X,X
TSZTOLJI,O,X,X,X,X
TSZTOJIL,X,X,X,X,X
TSZTOJLI,O,X,X,X,X
TSZITLJO,X,X,X,X,X
TSZITLOJ,X,X,X,X,X
TSZITJLO,X,X,X,X,X
TSZITJOL,X,X,X,X,X
TSZITOLJ,X,X,X,X,X
TSZITOJL,X,X,X,X,X
TSZILTJO,X,X,X,X,X
TSZILTOJ,O,X,X,X,X
TSZILJTO,X,X,X,X,X
TSZILJOT,O,X,X,X,X
TSZILOTJ,O,X,X,X,X
TSZILOJT,O,X,X,X,X
TSZIJTLO,X,X,X,X,X
TSZIJTOL,X,X,X,X,X
TSZIJLTO,X,X,X,X,X
TSZIJLOT,X,X,X,X,X
TSZIJOTL,X,X,X,X,X
TSZIJOLT,X,X,X,X,X
TSZIOTLJ,X,X,X,X,X
TSZIOTJL,X,X,X,X,X
TSZIOLTJ,O,X,X,X,X
TSZIOLJT,O,X,X,X,X
TSZIOJTL,X,X,X,X,X
TSZIOJLT,O,X,X,X,X
TSZLTIJO,X,X,X,X,X
TSZLTIOJ,O,X,X,X,X
TSZLTJIO,X,X,X,X,X
TSZLTJOI,X,X,X,X,X
TSZLTOIJ,O,X,X,X,X
TSZLTOJI,O,X,X,X,X
TSZLITJO,X,X,X,X,X
TSZLITOJ,O,X,X,X,X
TSZLIJTO,X,X,X,X,X
TSZLIJOT,O,X,X,X,X
TSZLIOTJ,O,X,X,X,X
TSZLIOJT,O,X,X,X,X
TSZLJTIO,X,X,X,X,X
TSZLJTOI,X,X,X,X,X
TSZLJITO,X,X,X,X,X
TSZLJIOT,O,X,X,X,X
TSZLJOTI,O,X,X,X,X
TSZLJOIT,O,X,X,X,X
TSZLOTIJ,O,X,X,X,X
TSZLOTJI,O,X,X,X,X
TSZLOITJ,O,X,X,X,X
TSZLOIJT,O,X,X,X,X
TSZLOJTI,O,X,X,X,X
TSZLOJIT,O,X,X,X,X
TSZJTILO,X,X,X,X,X
TSZJTIOL,X,X,X,X,X
TSZJTLIO,X,X,X,X,X
TSZJTLOI,X,X,X,X,X
TSZJTOIL,X,X,X,X,X
TSZJTOLI,X,X,X,X,X
TSZJITLO,X,X,X,X,X
TSZJITOL,X,X,X,X,X
TSZJILTO,X,X,X,X,X
TSZJILOT,X,X,X,X,X
TSZJIOTL,X,X,X,X,X
TSZJIOLT,X,X,X,X,X
TSZJLTIO,X,X,X,X,X
TSZJLTOI,X,X,X,X,X
TSZJLITO,X,X,X,X,X
TSZJLIOT,O,X,X,X,X
TSZJLOTI,O,X,X,X,X
TSZJLOIT,O,X,X,X,X
TSZJOTIL,X,X,X,X,X
TSZJOTLI,O,X,X,X,X
TSZJOITL,X,X,X,X,X
TSZJOILT,O,X,X,X,X
TSZJOLTI,O,X,X,X,X
TSZJOLIT,O,X,X,X,X
TSZOTILJ,X,X,X,X,X
TSZOTIJL,X,X,X,X,X
TSZOTLIJ,O,X,X,X,X
TSZOTLJI,O,X,X,X,X
TSZOTJIL,X,X,X,X,X
TSZOTJLI,O,X,X,X,X
TSZOITLJ,X,X,X,X,X
TSZOITJL,X,X,X,X,X
TSZOILTJ,O,X,X,X,X
TSZOILJT,O,X,X,X,X
TSZOIJTL,X,X,X,X,X
TSZOIJLT,O,X,X,X,X
TSZOLTIJ,O,X,X,X,X
TSZOLTJI,O,X,X,X,X
TSZOLITJ,O,X,X,X,X
TSZOLIJT,O,X,X,X,X
TSZOLJTI,O,X,X,X,X
TSZOLJIT,O,X,X,X,X
TSZOJTIL,X,X,X,X,X
TSZOJTLI,O,X,X,X,X
TSZOJITL,X,X,X,X,X
TSZOJILT,O,X,X,X,X
TSZOJLTI,O,X,X,X,X
TSZOJLIT,O,X,X,X,X
TSOTILJZ,X,X,X,X,X
TSOTILZJ,X,X,X,X,X
TSOTIJLZ,X,X,X,X,X
TSOTIJZL,X,X,X,X,X
TSOTIZLJ,X,X,X,X,X
TSOTIZJL,X,X,X,X,X
TSOTLIJZ,O,X,X,X,X
TSOTLIZJ,O,X,X,X,X
TSOTLJIZ,O,X,X,X,X
TSOTLJZI,O,X,X,X,X
TSOTLZIJ,O,X,X,X,X
TSOTLZJI,O,X,X,X,X
TSOTJILZ,X,X,X,X,X
TSOTJIZL,X,X,X,X,X
TSOTJLIZ,O,X,X,X,X
TSOTJLZI,O,X,X,X,X
TSOTJZIL,X,X,X,X,X
TSOTJZLI,O,X,X,X,X
TSOTZILJ,X,X,X,X,X
TSOTZIJL,X,X,X,X,X
TSOTZLIJ,O,X,X,X,X
TSOTZLJI,O,X,X,X,X
TSOTZJIL,X,X,X,X,X
TSOTZJLI,O,X,X,X,X
TSOITLJZ,X,X,X,X,X
TSOITLZJ,X,X,X,X,X
TSOITJLZ,X,X,X,X,X
TSOITJZL,X,X,X,X,X
TSOITZLJ,X,X,X,X,X
TSOITZJL,X,X,X,X,X
TSOILTJZ,O,X,X,X,X
TSOILTZJ,O,X,X,X,X
TSOILJTZ,O,X,X,X,X
TSOILJZT,O,X,X,X,X
TSOILZTJ,O,X,X,X,X
TSOILZJT,O,X,X,X,X
TSOIJTLZ,X,X,X,X,X
TSOIJTZL,X,X,X,X,X
TSOIJLTZ,O,X,X,X,X
TSOIJLZT,O,X,X,X,X
TSOIJZTL,X,X,X,X,X
TSOIJZLT,O,X,X,X,X
TSOIZTLJ,X,X,X,X,X
TSOIZTJL,X,X,X,X,X
TSOIZLTJ,O,X,X,X,X
TSOIZLJT,O,X,X,X,X
TSOIZJTL,X,X,X,X,X
TSOIZJLT,O,X,X,X,X
TSOLTIJZ,O,X,X,X,X
TSOLTIZJ,O,X,X,X,X
TSOLTJIZ,O,X,X,X,X
TSOLTJZI,O,X,X,X,X
TSOLTZIJ,O,X,X,X,X
TSOLTZJI,O,X,X,X,X
TSOLITJZ,O,X,X,X,X
TSOLITZJ,O,X,X,X,X
TSOLIJTZ,O,X,X,X,X
TSOLIJZT,O,X,X,X,X
TSOLIZTJ,O,X,X,X,X
TSOLIZJT,O,X,X,X,X
TSOLJTIZ,O,X,X,X,X
TSOLJTZI,O,X,X,X,X
TSOLJITZ,O,X,X,X,X
TSOLJIZT,O,X,X,X,X
TSOLJZTI,O,X,X,X,X
TSOLJZIT,O,X,X,X,X
TSOLZTIJ,O,X,X,X,X
TSOLZTJI,O,X,X,X,X
TSOLZITJ,O,X,X,X,X
TSOLZIJT,O,X,X,X,X
TSOLZJTI,O,X,X,X,X
TSOLZJIT,O,X,X,X,X
TSOJTILZ,X,X,X,X,X
TSOJTIZL,X,X,X,X,X
TSOJTLIZ,O,X,X,X,X
TSOJTLZI,O,X,X,X,X
TSOJTZIL,X,X,X,X,X
TSOJTZLI,O,X,X,X,X
TSOJITLZ,X,X,X,X,X
TSOJITZL,X,X,X,X,X
TSOJILTZ,O,X,X,X,X
TSOJILZT,O,X,X,X,X
TSOJIZTL,X,X,X,X,X
TSOJIZLT,O,X,X,X,X
TSOJLTIZ,O,X,X,X,X
TSOJLTZI,O,X,X,X,X
TSOJLITZ,O,X,X,X,X
TSOJLIZT,O,X,X,X,X
TSOJLZTI,O,X,X,X,X
TSOJLZIT,O,X,X,X,X
TSOJZTIL,X,X,X,X,X
TSOJZTLI,O,X,X,X,X
TSOJZITL,X,X,X,X,X
TSOJZILT,O,X,X,X,X
TSOJZLTI,O,X,X,X,X
TSOJZLIT,O,X,X,X,X
TSOZTILJ,X,X,X,X,X
TSOZTIJL,X,X,X,X,X
TSOZTLIJ,O,X,X,X,X
TSOZTLJI,O,X,X,X,X
TSOZTJIL,X,X,X,X,X
TSOZTJLI,O,X,X,X,X
TSOZITLJ,X,X,X,X,X
TSOZITJL,X,X,X,X,X
TSOZILTJ,O,X,X,X,X
TSOZILJT,O,X,X,X,X
TSOZIJTL,X,X,X,X,X
TSOZIJLT,O,X,X,X,X
TSOZLTIJ,O,X,X,X,X
TSOZLTJI,O,X,X,X,X
TSOZLITJ,O,X,X,X,X
TSOZLIJT,O,X,X,X,X
TSOZLJTI,O,X,X,X,X
TSOZLJIT,O,X,X,X,X
TSOZJTIL,X,X,X,X,X
TSOZJTLI,O,X,X,X,X
TSOZJITL,X,X,X,X,X
TSOZJILT,O,X,X,X,X
TSOZJLTI,O,X,X,X,X
TSOZJLIT,O,X,X,X,X
TZTILJSO,X,X,X,X,X
TZTILJOS,X,X,X,X,X
TZTILSJO,X,X,X,X,X
TZTILSOJ,X,X,X,X,X
TZTILOJS,X,X,X,X,X
TZTILOSJ,X,X,X,X,X
TZTIJLSO,X,X,X,X,X
TZTIJLOS,X,X,X,X,X
TZTIJSLO,X,X,X,X,X
TZTIJSOL,X,X,X,X,X
TZTIJOLS,X,X,X,X,X
TZTIJOSL,X,X,X,X,X
TZTISLJO,X,X,X,X,X
TZTISLOJ,X,X,X,X,X
TZTISJLO,X,X,X,X,X
TZTISJOL,X,X,X,X,X
TZTISOLJ,X,X,X,X,X
TZTISOJL,X,X,X,X,X
TZTIOLJS,X,X,X,X,X
TZTIOLSJ,X,X,X,X,X
TZTIOJLS,X,X,X,X,X
TZTIOJSL,X,X,X,X,X
TZTIOSLJ,X,X,X,X,X
TZTIOSJL,X,X,X,X,X
TZTLIJSO,X,X,X,X,X
TZTLIJOS,X,X,X,X,X
TZTLISJO,X,X,X,X,X
TZTLISOJ,X,X,X,X,X
TZTLIOJS,X,X,X,X,X
TZTLIOSJ,X,X,X,X,X
TZTLJISO,X,X,X,X,X
TZTLJIOS,X,X,X,X,X
TZTLJSIO,X,X,X,X,X
TZTLJSOI,X,X,X,X,X
TZTLJOIS,X,X,X,X,X
TZTLJOSI,X,X,X,X,X
TZTLSIJO,X,X,X,X,X
TZTLSIOJ,X,X,X,X,X
TZTLSJIO,X,X,X,X,X
TZTLSJOI,X,X,X,X,X
TZTLSOIJ,X,X,X,X,X
TZTLSOJI,X,X,X,X,X
TZTLOIJS,X,X,X,X,X
TZTLOISJ,X,X,X,X,X
TZTLOJIS,X,X,X,X,X
TZTLOJSI,X,X,X,X,X
TZTLOSIJ,X,X,X,X,X
TZTLOSJI,X,X,X,X,X
TZTJILSO,X,X,X,X,X
TZTJILOS,X,X,X,X,X
TZTJISLO,X,X,X,X,X
TZTJISOL,X,X,X,X,X
TZTJIOLS,X,X,X,X,X
TZTJIOSL,X,X,X,X,X
TZTJLISO,X,X,X,X,X
TZTJLIOS,X,X,X,X,X
TZTJLSIO,X,X,X,X,X
TZTJLSOI,X,X,X,X,X
TZTJLOIS,X,X,X,X,X
TZTJLOSI,X,X,X,X,X
TZTJSILO,X,X,X,X,X
TZTJSIOL,X,X,X,X,X
TZTJSLIO,X,X,X,X,X
TZTJSLOI,X,X,X,X,X
TZTJSOIL,X,X,X,X,X
TZTJSOLI,X,X,X,X,X
TZTJOILS,X,X,X,X,X
TZTJOISL,X,X,X,X,X
TZTJOLIS,X,X,X,X,X
TZTJOLSI,X,X,X,X,X
TZTJOSIL,X,X,X,X,X
TZTJOSLI,X,X,X,X,X
TZTSILJO,X,X,X,X,X
TZTSILOJ,X,X,X,X,X
TZTSIJLO,X,X,X,X,X
TZTSIJOL,X,X,X,X,X
TZTSIOLJ,X,X,X,X,X
TZTSIOJL,X,X,X,X,X
TZTSLIJO,X,X,X,X,X
TZTSLIOJ,X,X,X,X,X
TZTSLJIO,X,X,X,X,X
TZTSLJOI,X,X,X,X,X
TZTSLOIJ,X,X,X,X,X
TZTSLOJI,X,X,X,X,X
TZTSJILO,X,X,X,X,X
TZTSJIOL,X,X,X,X,X
TZTSJLIO,X,X,X,X,X
TZTSJLOI,X,X,X,X,X
TZTSJOIL,X,X,X,X,X
TZTSJOLI,X,X,X,X,X
TZTSOILJ,X,X,X,X,X
TZTSOIJL,X,X,X,X,X
TZTSOLIJ,X,X,X,X,X
TZTSOLJI,X,X,X,X,X
TZTSOJIL,X,X,X,X,X
TZTSOJLI,X,X,X,X,X
TZTOILJS,X,X,X,X,X
TZTOILSJ,X,X,X,X,X
TZTOIJLS,X,X,X,X,X
TZTOIJSL,X,X,X,X,X
TZTOISLJ,X,X,X,X,X
TZTOISJL,X,X,X,X,X
TZTOLIJS,X,X,X,X,X
TZTOLISJ,X,X,X,X,X
TZTOLJIS,X,X,X,X,X
TZTOLJSI,X,X,X,X,X
TZTOLSIJ,X,X,X,X,X
TZTOLSJI,X,X,X,X,X
TZTOJILS,X,X,X,X,X
TZTOJISL,X,X,X,X,X
TZTOJLIS,X,X,X,X,X
TZTOJLSI,X,X,X,X,X
TZTOJSIL,X,X,X,X,X
TZTOJSLI,X,X,X,X,X
TZTOSILJ,X,X,X,X,X
TZTOSIJL,X,X,X,X,X
TZTOSLIJ,X,X,X,X,X
TZTOSLJI,X,X,X,X,X
TZTOSJIL,X,X,X,X,X
TZTOSJLI,X,X,X,X,X
TZITLJSO,X,X,X,X,X
TZITLJOS,X,X,X,X,X
TZITLSJO,X,X,X,X,X
TZITLSOJ,X,X,X,X,X
TZITLOJS,X,X,X,X,X
TZITLOSJ,X,X,X,X,X
TZITJLSO,X,X,X,X,X
TZITJLOS,X,X,X,X,X
TZITJSLO,X,X,X,X,X
TZITJSOL,X,X,X,X,X
TZITJOLS,X,X,X,X,X
TZITJOSL,X,X,X,X,X
TZITSLJO,X,X,X,X,X
TZITSLOJ,X,X,X,X,X
TZITSJLO,X,X,X,X,X
TZITSJOL,X,X,X,X,X
TZITSOLJ,X,X,X,X,X
TZITSOJL,X,X,X,X,X
TZITOLJS,X,X,X,X,X
TZITOLSJ,X,X,X,X,X
TZITOJLS,X,X,X,X,X
TZITOJSL,X,X,X,X,X
TZITOSLJ,X,X,X,X,X
TZITOSJL,X,X,X,X,X
TZILTJSO,X,X,X,X,X
TZILTJOS,X,X,X,X,X
TZILTSJO,X,X,X,X,X
TZILTSOJ,X,X,X,X,X
TZILTOJS,X,X,X,X,X
TZILTOSJ,X,X,X,X,X
TZILJTSO,X,X,X,X,X
TZILJTOS,X,X,X,X,X
TZILJSTO,X,X,X,X,X
TZILJSOT,X,X,X,X,X
TZILJOTS,X,X,X,X,X
TZILJOST,X,X,X,X,X
TZILSTJO,X,X,X,X,X
TZILSTOJ,X,X,X,X,X
TZILSJTO,X,X,X,X,X
TZILSJOT,X,X,X,X,X
TZILSOTJ,X,X,X,X,X
TZILSOJT,X,X,X,X,X
TZILOTJS,X,X,X,X,X
TZILOTSJ,X,X,X,X,X
TZILOJTS,X,X,X,X,X
TZILOJST,X,X,X,X,X
TZILOSTJ,X,X,X,X,X
TZILOSJT,X,X,X,X,X
TZIJTLSO,X,X,X,X,X
TZIJTLOS,X,X,X,X,X
TZIJTSLO,X,X,X,X,X
TZIJTSOL,X,X,X,X,X
TZIJTOLS,X,X,X,X,X
TZIJTOSL,X,X,X,X,X
TZIJLTSO,X,X,X,X,X
TZIJLTOS,X,X,X,X,X
TZIJLSTO,X,X,X,X,X
TZIJLSOT,X,X,X,X,X
TZIJLOTS,X,X,X,X,X
TZIJLOST,X,X,X,X,X
TZIJSTLO,X,X,X,X,X
TZIJSTOL,X,X,X,X,X
TZIJSLTO,X,X,X,X,X
TZIJSLOT,X,X,X,X,X
TZIJSOTL,X,X,X,X,X
TZIJSOLT,X,X,X,X,X
TZIJOTLS,X,X,X,X,X
TZIJOTSL,X,X,X,X,X
TZIJOLTS,X,X,X,X,X
TZIJOLST,X,X,X,X,X
TZIJOSTL,X,X,X,X,X
TZIJOSLT,X,X,X,X,X
TZISTLJO,X,X,X,X,X
TZISTLOJ,X,X,X,X,X
TZISTJLO,X,X,X,X,X
TZISTJOL,X,X,X,X,X
TZISTOLJ,X,X,X,X,X
TZISTOJL,X,X,X,X,X
TZISLTJO,X,X,X,X,X
TZISLTOJ,X,X,X,X,X
TZISLJTO,X,X,X,X,X
TZISLJOT,X,X,X,X,X
TZISLOTJ,X,X,X,X,X
TZISLOJT,X,X,X,X,X
TZISJTLO,X,X,X,X,X
TZISJTOL,X,X,X,X,X
TZISJLTO,X,X,X,X,X
TZISJLOT,X,X,X,X,X
TZISJOTL,X,X,X,X,X
TZISJOLT,X,X,X,X,X
TZISOTLJ,X,X,X,X,X
TZISOTJL,X,X,X,X,X
TZISOLTJ,X,X,X,X,X
TZISOLJT,X,X,X,X,X
TZISOJTL,X,X,X,X,X
TZISOJLT,X,X,X,X,X
TZIOTLJS,X,X,X,X,X
TZIOTLSJ,X,X,X,X,X
TZIOTJLS,X,X,X,X,X
TZIOTJSL,X,X,X,X,X
TZIOTSLJ,X,X,X,X,X
TZIOTSJL,X,X,X,X,X
TZIOLTJS,X,X,X,X,X
TZIOLTSJ,X,X,X,X,X
TZIOLJTS,X,X,X,X,X
TZIOLJST,X,X,X,X,X
TZIOLSTJ,X,X,X,X,X
TZIOLSJT,X,X,X,X,X
TZIOJTLS,X,X,X,X,X
TZIOJTSL,X,X,X,X,X
TZIOJLTS,X,X,X,X,X
TZIOJLST,X,X,X,X,X
TZIOJSTL,X,X,X,X,X
TZIOJSLT,X,X,X,X,X
TZIOSTLJ,X,X,X,X,X
TZIOSTJL,X,X,X,X,X
TZIOSLTJ,X,X,X,X,X
TZIOSLJT,X,X,X,X,X
TZIOSJTL,X,X,X,X,X
TZIOSJLT,X,X,X,X,X
TZLTIJSO,X,X,X,X,X
TZLTIJOS,X,X,X,X,X
TZLTISJO,X,X,X,X,X
TZLTISOJ,X,X,X,X,X
TZLTIOJS,X,X,X,X,X
TZLTIOSJ,X,X,X,X,X
TZLTJISO,X,X,X,X,X
TZLTJIOS,X,X,X,X,X
TZLTJSIO,X,X,X,X,X
TZLTJSOI,X,X,X,X,X
TZLTJOIS,X,X,X,X,X
TZLTJOSI,X,X,X,X,X
TZLTSIJO,X,X,X,X,X
TZLTSIOJ,X,X,X,X,X
TZLTSJIO,X,X,X,X,X
TZLTSJOI,X,X,X,X,X
TZLTSOIJ,X,X,X,X,X
TZLTSOJI,X,X,X,X,X
TZLTOIJS,X,X,X,X,X
TZLTOISJ,X,X,X,X,X
TZLTOJIS,X,X,X,X,X
TZLTOJSI,X,X,X,X,X
TZLTOSIJ,X,X,X,X,X
TZLTOSJI,X,X,X,X,X
TZLITJSO,X,X,X,X,X
TZLITJOS,X,X,X,X,X
TZLITSJO,X,X,X,X,X
TZLITSOJ,X,X,X,X,X
TZLITOJS,X,X,X,X,X
TZLITOSJ,X,X,X,X,X
TZLIJTSO,X,X,X,X,X
TZLIJTOS,X,X,X,X,X
TZLIJSTO,X,X,X,X,X
TZLIJSOT,X,X,X,X,X
TZLIJOTS,X,X,X,X,X
TZLIJOST,X,X,X,X,X
TZLISTJO,X,X,X,X,X
TZLISTOJ,O,X,X,X,X
TZLISJTO,X,X,X,X,X
TZLISJOT,O,X,X,X,X
TZLISOTJ,O,X,X,X,X
TZLISOJT,O,X,X,X,X
TZLIOTJS,X,X,X,X,X
TZLIOTSJ,X,X,X,X,X
TZLIOJTS,X,X,X,X,X
TZLIOJST,X,X,X,X,X
TZLIOSTJ,X,X,X,X,X
TZLIOSJT,X,X,X,X,X
TZLJTISO,X,X,X,X,X
TZLJTIOS,X,X,X,X,X
TZLJTSIO,X,X,X,X,X
TZLJTSOI,X,X,X,X,X
TZLJTOIS,X,X,X,X,X
TZLJTOSI,X,X,X,X,X
TZLJITSO,X,X,X,X,X
TZLJITOS,X,X,X,X,X
TZLJISTO,X,X,X,X,X
TZLJISOT,X,X,X,X,X
TZLJIOTS,X,X,X,X,X
TZLJIOST,X,X,X,X,X
TZLJSTIO,X,X,X,X,X
TZLJSTOI,X,X,X,X,X
TZLJSITO,X,X,X,X,X
TZLJSIOT,X,X,X,X,X
TZLJSOTI,X,X,X,X,X
TZLJSOIT,X,X,X,X,X
TZLJOTIS,X,X,X,X,X
TZLJOTSI,X,X,X,X,X
TZLJOITS,X,X,X,X,X
TZLJOIST,X,X,X,X,X
TZLJOSTI,X,X,X,X,X
TZLJOSIT,X,X,X,X,X
TZLSTIJO,X,X,X,X,X
TZLSTIOJ,O,X,X,X,X
TZLSTJIO,X,X,X,X,X
TZLSTJOI,X,X,X,X,X
TZLSTOIJ,O,X,X,X,X
TZLSTOJI,O,X,X,X,X
TZLSITJO,X,X,X,X,X
TZLSITOJ,O,X,X,X,X
TZLSIJTO,X,X,X,X,X
TZLSIJOT,O,X,X,X,X
TZLSIOTJ,O,X,X,X,X
TZLSIOJT,O,X,X,X,X
TZLSJTIO,X,X,X,X,X
TZLSJTOI,X,X,X,X,X
TZLSJITO,X,X,X,X,X
TZLSJIOT,O,X,X,X,X
TZLSJOTI,O,X,X,X,X
TZLSJOIT,O,X,X,X,X
TZLSOTIJ,O,X,X,X,X
TZLSOTJI,O,X,X,X,X
TZLSOITJ,O,X,X,X,X
TZLSOIJT,O,X,X,X,X
TZLSOJTI,O,X,X,X,X
TZLSOJIT,O,X,X,X,X
TZLOTIJS,X,X,X,X,X
TZLOTISJ,X,X,X,X,X
TZLOTJIS,X,X,X,X,X
TZLOTJSI,X,X,X,X,X
TZLOTSIJ,X,X,X,X,X
TZLOTSJI,X,X,X,X,X
TZLOITJS,X,X,X,X,X
TZLOITSJ,X,X,X,X,X
TZLOIJTS,X,X,X,X,X
TZLOIJST,X,X,X,X,X
TZLOISTJ,X,X,X,X,X
TZLOISJT,X,X,X,X,X
TZLOJTIS,X,X,X,X,X
TZLOJTSI,X,X,X,X,X
TZLOJITS,X,X,X,X,X
TZLOJIST,X,X,X,X,X
TZLOJSTI,X,X,X,X,X
TZLOJSIT,X,X,X,X,X
TZLOSTIJ,X,X,X,X,X
TZLOSTJI,X,X,X,X,X
TZLOSITJ,X,X,X,X,X
TZLOSIJT,X,X,X,X,X
TZLOSJTI,X,X,X,X,X
TZLOSJIT,X,X,X,X,X
TZJTILSO,X,X,X,X,X
TZJTILOS,X,X,X,X,X
TZJTISLO,X,X,X,X,X
TZJTISOL,X,X,X,X,X
TZJTIOLS,X,X,X,X,X
TZJTIOSL,X,X,X,X,X
TZJTLISO,X,X,X,X,X
TZJTLIOS,X,X,X,X,X
TZJTLSIO,X,X,X,X,X
TZJTLSOI,X,X,X,X,X
TZJTLOIS,X,X,X,X,X
TZJTLOSI,X,X,X,X,X
TZJTSILO,X,X,X,X,X
TZJTSIOL,X,X,X,X,X
TZJTSLIO,X,X,X,X,X
TZJTSLOI,X,X,X,X,X
TZJTSOIL,X,X,X,X,X
TZJTSOLI,X,X,X,X,X
TZJTOILS,X,X,X,X,X
TZJTOISL,X,X,X,X,X
TZJTOLIS,X,X,X,X,X
TZJTOLSI,X,X,X,X,X
TZJTOSIL,X,X,X,X,X
TZJTOSLI,X,X,X,X,X
TZJITLSO,X,X,X,X,X
TZJITLOS,X,X,X,X,X
TZJITSLO,X,X,X,X,X
TZJITSOL,X,X,X,X,X
TZJITOLS,X,X,X,X,X
TZJITOSL,X,X,X,X,X
TZJILTSO,X,X,X,X,X
TZJILTOS,X,X,X,X,X
TZJILSTO,X,X,X,X,X
TZJILSOT,X,X,X,X,X
TZJILOTS,X,X,X,X,X
TZJILOST,X,X,X,X,X
TZJISTLO,X,X,X,X,X
TZJISTOL,X,X,X,X,X
TZJISLTO,X,X,X,X,X
TZJISLOT,X,X,X,X,X
TZJISOTL,X,X,X,X,X
TZJISOLT,X,X,X,X,X
TZJIOTLS,X,X,X,X,X
TZJIOTSL,X,X,X,X,X
TZJIOLTS,X,X,X,X,X
TZJIOLST,X,X,X,X,X
TZJIOSTL,X,X,X,X,X
TZJIOSLT,X,X,X,X,X
TZJLTISO,X,X,X,X,X
TZJLTIOS,X,X,X,X,X
TZJLTSIO,X,X,X,X,X
TZJLTSOI,X,X,X,X,X
TZJLTOIS,X,X,X,X,X
TZJLTOSI,X,X,X,X,X
TZJLITSO,X,X,X,X,X
TZJLITOS,X,X,X,X,X
TZJLISTO,X,X,X,X,X
TZJLISOT,X,X,X,X,X
TZJLIOTS,X,X,X,X,X
TZJLIOST,X,X,X,X,X
TZJLSTIO,X,X,X,X,X
TZJLSTOI,X,X,X,X,X
TZJLSITO,X,X,X,X,X
TZJLSIOT,X,X,X,X,X
TZJLSOTI,X,X,X,X,X
TZJLSOIT,X,X,X,X,X
TZJLOTIS,X,X,X,X,X
TZJLOTSI,X,X,X,X,X
TZJLOITS,X,X,X,X,X
TZJLOIST,X,X,X,X,X
TZJLOSTI,X,X,X,X,X
TZJLOSIT,X,X,X,X,X
TZJSTILO,X,X,X,X,X
TZJSTIOL,X,X,X,X,X
TZJSTLIO,X,X,X,X,X
TZJSTLOI,X,X,X,X,X
TZJSTOIL,X,X,X,X,X
TZJSTOLI,X,X,X,X,X
TZJSITLO,X,X,X,X,X
TZJSITOL,X,X,X,X,X
TZJSILTO,X,X,X,X,X
TZJSILOT,X,X,X,X,X
TZJSIOTL,X,X,X,X,X
TZJSIOLT,X,X,X,X,X
TZJSLTIO,X,X,X,X,X
TZJSLTOI,X,X,X,X,X
TZJSLITO,X,X,X,X,X
TZJSLIOT,X,X,X,X,X
TZJSLOTI,X,X,X,X,X
TZJSLOIT,X,X,X,X,X
TZJSOTIL,X,X,X,X,X
TZJSOTLI,X,X,X,X,X
TZJSOITL,X,X,X,X,X
TZJSOILT,X,X,X,X,X
TZJSOLTI,X,X,X,X,X
TZJSOLIT,X,X,X,X,X
TZJOTILS,X,X,X,X,X
TZJOTISL,X,X,X,X,X
TZJOTLIS,X,X,X,X,X
TZJOTLSI,X,X,X,X,X
TZJOTSIL,X,X,X,X,X
TZJOTSLI,X,X,X,X,X
TZJOITLS,X,X,X,X,X
TZJOITSL,X,X,X,X,X
TZJOILTS,X,X,X,X,X
TZJOILST,X,X,X,X,X
TZJOISTL,X,X,X,X,X
TZJOISLT,X,X,X,X,X
TZJOLTIS,X,X,X,X,X
TZJOLTSI,X,X,X,X,X
TZJOLITS,X,X,X,X,X
TZJOLIST,X,X,X,X,X
TZJOLSTI,X,X,X,X,X
TZJOLSIT,X,X,X,X,X
TZJOSTIL,X,X,X,X,X
TZJOSTLI,X,X,X,X,X
TZJOSITL,X,X,X,X,X
TZJOSILT,X,X,X,X,X
TZJOSLTI,X,X,X,X,X
TZJOSLIT,X,X,X,X,X
TZSTILJO,X,X,X,X,X
TZSTILOJ,X,X,X,X,X
TZSTIJLO,X,X,X,X,X
TZSTIJOL,X,X,X,X,X
TZSTIOLJ,X,X,X,X,X
TZSTIOJL,X,X,X,X,X
TZSTLIJO,X,X,X,X,X
TZSTLIOJ,O,X,X,X,X
TZSTLJIO,X,X,X,X,X
TZSTLJOI,X,X,X,X,X
TZSTLOIJ,O,X,X,X,X
TZSTLOJI,O,X,X,X,X
TZSTJILO,X,X,X,X,X
TZSTJIOL,X,X,X,X,X
TZSTJLIO,X,X,X,X,X
TZSTJLOI,X,X,X,X,X
TZSTJOIL,X,X,X,X,X
TZSTJOLI,X,X,X,X,X
TZSTOILJ,X,X,X,X,X
TZSTOIJL,X,X,X,X,X
TZSTOLIJ,O,X,X,X,X
TZSTOLJI,O,X,X,X,X
TZSTOJIL,X,X,X,X,X
TZSTOJLI,O,X,X,X,X
TZSITLJO,X,X,X,X,X
TZSITLOJ,X,X,X,X,X
TZSITJLO,X,X,X,X,X
TZSITJOL,X,X,X,X,X
TZSITOLJ,X,X,X,X,X
TZSITOJL,X,X,X,X,X
TZSILTJO,X,X,X,X,X
TZSILTOJ,O,X,X,X,X
TZSILJTO,X,X,X,X,X
TZSILJOT,O,X,X,X,X
TZSILOTJ,O,X,X,X,X
TZSILOJT,O,X,X,X,X
TZSIJTLO,X,X,X,X,X
TZSIJTOL,X,X,X,X,X
TZSIJLTO,X,X,X,X,X
TZSIJLOT,X,X,X,X,X
TZSIJOTL,X,X,X,X,X
TZSIJOLT,X,X,X,X,X
TZSIOTLJ,X,X,X,X,X
TZSIOTJL,X,X,X,X,X
TZSIOLTJ,O,X,X,X,X
TZSIOLJT,O,X,X,X,X
TZSIOJTL,X,X,X,X,X
TZSIOJLT,O,X,X,X,X
TZSLTIJO,X,X,X,X,X
TZSLTIOJ,O,X,X,X,X
TZSLTJIO,X,X,X,X,X
TZSLTJOI,X,X,X,X,X
TZSLTOIJ,O,X,X,X,X
TZSLTOJI,O,X,X,X,X
TZSLITJO,X,X,X,X,X
TZSLITOJ,O,X,X,X,X
TZSLIJTO,X,X,X,X,X
TZSLIJOT,O,X,X,X,X
TZSLIOTJ,O,X,X,X,X
TZSLIOJT,O,X,X,X,X
TZSLJTIO,X,X,X,X,X
TZSLJTOI,X,X,X,X,X
TZSLJITO,X,X,X,X,X
TZSLJIOT,O,X,X,X,X
TZSLJOTI,O,X,X,X,X
TZSLJOIT,O,X,X,X,X
TZSLOTIJ,O,X,X,X,X
TZSLOTJI,O,X,X,X,X
TZSLOITJ,O,X,X,X,X
TZSLOIJT,O,X,X,X,X
TZSLOJTI,O,X,X,X,X
TZSLOJIT,O,X,X,X,X
TZSJTILO,X,X,X,X,X
TZSJTIOL,X,X,X,X,X
TZSJTLIO,X,X,X,X,X
TZSJTLOI,X,X,X,X,X
TZSJTOIL,X,X,X,X,X
TZSJTOLI,X,X,X,X,X
TZSJITLO,X,X,X,X,X
TZSJITOL,X,X,X,X,X
TZSJILTO,X,X,X,X,X
TZSJILOT,X,X,X,X,X
TZSJIOTL,X,X,X,X,X
TZSJIOLT,X,X,X,X,X
TZSJLTIO,X,X,X,X,X
TZSJLTOI,X,X,X,X,X
TZSJLITO,X,X,X,X,X
TZSJLIOT,O,X,X,X,X
TZSJLOTI,O,X,X,X,X
TZSJLOIT,O,X,X,X,X
TZSJOTIL,X,X,X,X,X
TZSJOTLI,O,X,X,X,X
TZSJOITL,X,X,X,X,X
TZSJOILT,O,X,X,X,X
TZSJOLTI,O,X,X,X,X
TZSJOLIT,O,X,X,X,X
TZSOTILJ,X,X,X,X,X
TZSOTIJL,X,X,X,X,X
TZSOTLIJ,O,X,X,X,X
TZSOTLJI,O,X,X,X,X
TZSOTJIL,X,X,X,X,X
TZSOTJLI,O,X,X,X,X
TZSOITLJ,X,X,X,X,X
TZSOITJL,X,X,X,X,X
TZSOILTJ,O,X,X,X,X
TZSOILJT,O,X,X,X,X
TZSOIJTL,X,X,X,X,X
TZSOIJLT,O,X,X,X,X
TZSOLTIJ,O,X,X,X,X
TZSOLTJI,O,X,X,X,X
TZSOLITJ,O,X,X,X,X
TZSOLIJT,O,X,X,X,X
TZSOLJTI,O,X,X,X,X
TZSOLJIT,O,X,X,X,X
TZSOJTIL,X,X,X,X,X
TZSOJTLI,O,X,X,X,X
TZSOJITL,X,X,X,X,X
TZSOJILT,O,X,X,X,X
TZSOJLTI,O,X,X,X,X
TZSOJLIT,O,X,X,X,X
TZOTILJS,X,X,X,X,X
TZOTILSJ,X,X,X,X,X
TZOTIJLS,X,X,X,X,X
TZOTIJSL,X,X,X,X,X
TZOTISLJ,X,X,X,X,X
TZOTISJL,X,X,X,X,X
TZOTLIJS,X,X,X,X,X
TZOTLISJ,X,X,X,X,X
TZOTLJIS,X,X,X,X,X
TZOTLJSI,X,X,X,X,X
TZOTLSIJ,X,X,X,X,X
TZOTLSJI,X,X,X,X,X
TZOTJILS,X,X,X,X,X
TZOTJISL,X,X,X,X,X
TZOTJLIS,X,X,X,X,X
TZOTJLSI,X,X,X,X,X
TZOTJSIL,X,X,X,X,X
TZOTJSLI,X,X,X,X,X
TZOTSILJ,X,X,X,X,X
TZOTSIJL,X,X,X,X,X
TZOTSLIJ,X,X,X,X,X
TZOTSLJI,X,X,X,X,X
TZOTSJIL,X,X,X,X,X
TZOTSJLI,X,X,X,X,X
TZOITLJS,X,X,X,X,X
TZOITLSJ,X,X,X,X,X
TZOITJLS,X,X,X,X,X
TZOITJSL,X,X,X,X,X
TZOITSLJ,X,X,X,X,X
TZOITSJL,X,X,X,X,X
TZOILTJS,X,X,X,X,X
TZOILTSJ,X,X,X,X,X
TZOILJTS,X,X,X,X,X
TZOILJST,X,X,X,X,X
TZOILSTJ,X,X,X,X,X
TZOILSJT,X,X,X,X,X
TZOIJTLS,X,X,X,X,X
TZOIJTSL,X,X,X,X,X
TZOIJLTS,X,X,X,X,X
TZOIJLST,X,X,X,X,X
TZOIJSTL,X,X,X,X,X
TZOIJSLT,X,X,X,X,X
TZOISTLJ,X,X,X,X,X
TZOISTJL,X,X,X,X,X
TZOISLTJ,X,X,X,X,X
TZOISLJT,X,X,X,X,X
TZOISJTL,X,X,X,X,X
TZOISJLT,X,X,X,X,X
TZOLTIJS,X,X,X,X,X
TZOLTISJ,X,X,X,X,X
TZOLTJIS,X,X,X,X,X
TZOLTJSI,X,X,X,X,X
TZOLTSIJ,X,X,X,X,X
TZOLTSJI,X,X,X,X,X
TZOLITJS,X,X,X,X,X
TZOLITSJ,X,X,X,X,X
TZOLIJTS,X,X,X,X,X
TZOLIJST,X,X,X,X,X
TZOLISTJ,X,X,X,X,X
TZOLISJT,X,X,X,X,X
TZOLJTIS,X,X,X,X,X
TZOLJTSI,X,X,X,X,X
TZOLJITS,X,X,X,X,X
TZOLJIST,X,X,X,X,X
TZOLJSTI,X,X,X,X,X
TZOLJSIT,X,X,X,X,X
TZOLSTIJ,X,X,X,X,X
TZOLSTJI,X,X,X,X,X
TZOLSITJ,X,X,X,X,X
TZOLSIJT,X,X,X,X,X
TZOLSJTI,X,X,X,X,X
TZOLSJIT,X,X,X,X,X
TZOJTILS,X,X,X,X,X
TZOJTISL,X,X,X,X,X
TZOJTLIS,X,X,X,X,X
TZOJTLSI,X,X,X,X,X
TZOJTSIL,X,X,X,X,X
TZOJTSLI,X,X,X,X,X
TZOJITLS,X,X,X,X,X
TZOJITSL,X,X,X,X,X
TZOJILTS,X,X,X,X,X
TZOJILST,X,X,X,X,X
TZOJISTL,X,X,X,X,X
TZOJISLT,X,X,X,X,X
TZOJLTIS,X,X,X,X,X
TZOJLTSI,X,X,X,X,X
TZOJLITS,X,X,X,X,X
TZOJLIST,X,X,X,X,X
TZOJLSTI,X,X,X,X,X
TZOJLSIT,X,X,X,X,X
TZOJSTIL,X,X,X,X,X
TZOJSTLI,X,X,X,X,X
TZOJSITL,X,X,X,X,X
TZOJSILT,X,X,X,X,X
TZOJSLTI,X,X,X,X,X
TZOJSLIT,X,X,X,X,X
TZOSTILJ,X,X,X,X,X
TZOSTIJL,X,X,X,X,X
TZOSTLIJ,X,X,X,X,X
TZOSTLJI,X,X,X,X,X
TZOSTJIL,X,X,X,X,X
TZOSTJLI,X,X,X,X,X
TZOSITLJ,X,X,X,X,X
TZOSITJL,X,X,X,X,X
TZOSILTJ,X,X,X,X,X
TZOSILJT,X,X,X,X,X
TZOSIJTL,X,X,X,X,X
TZOSIJLT,X,X,X,X,X
TZOSLTIJ,X,X,X,X,X
TZOSLTJI,X,X,X,X,X
TZOSLITJ,X,X,X,X,X
TZOSLIJT,X,X,X,X,X
TZOSLJTI,X,X,X,X,X
TZOSLJIT,X,X,X,X,X
TZOSJTIL,X,X,X,X,X
TZOSJTLI,X,X,X,X,X
TZOSJITL,X,X,X,X,X
TZOSJILT,X,X,X,X,X
TZOSJLTI,X,X,X,X,X
TZOSJLIT,X,X,X,X,X
TOTILJSZ,X,X,X,X,X
TOTILJZS,X,X,X,X,X
TOTILSJZ,X,X,X,X,X
TOTILSZJ,X,X,X,X,X
TOTILZJS,X,X,X,X,X
TOTILZSJ,X,X,X,X,X
TOTIJLSZ,X,X,X,X,X
TOTIJLZS,X,X,X,X,X
TOTIJSLZ,X,X,X,X,X
TOTIJSZL,X,X,X,X,X
TOTIJZLS,X,X,X,X,X
TOTIJZSL,X,X,X,X,X
TOTISLJZ,X,X,X,X,X
TOTISLZJ,X,X,X,X,X
TOTISJLZ,X,X,X,X,X
TOTISJZL,X,X,X,X,X
TOTISZLJ,X,X,X,X,X
TOTISZJL,X,X,X,X,X
TOTIZLJS,X,X,X,X,X
TOTIZLSJ,X,X,X,X,X
TOTIZJLS,X,X,X,X,X
TOTIZJSL,X,X,X,X,X
TOTIZSLJ,X,X,X,X,X
TOTIZSJL,X,X,X,X,X
TOTLIJSZ,X,X,X,X,X
TOTLIJZS,X,X,X,X,X
TOTLISJZ,X,X,X,X,X
TOTLISZJ,X,X,X,X,X
TOTLIZJS,X,X,X,X,X
TOTLIZSJ,X,X,X,X,X
TOTLJISZ,X,X,X,X,X
TOTLJIZS,X,X,X,X,X
TOTLJSIZ,X,X,X,X,X
TOTLJSZI,X,X,X,X,X
TOTLJZIS,X,X,X,X,X
TOTLJZSI,X,X,X,X,X
TOTLSIJZ,X,X,X,X,X
TOTLSIZJ,X,X,X,X,X
TOTLSJIZ,X,X,X,X,X
TOTLSJZI,X,X,X,X,X
TOTLSZIJ,X,X,X,X,X
TOTLSZJI,X,X,X,X,X
TOTLZIJS,X,X,X,X,X
TOTLZISJ,X,X,X,X,X
TOTLZJIS,X,X,X,X,X
TOTLZJSI,X,X,X,X,X
TOTLZSIJ,X,X,X,X,X
TOTLZSJI,X,X,X,X,X
TOTJILSZ,X,X,X,X,X
TOTJILZS,X,X,X,X,X
TOTJISLZ,X,X,X,X,X
TOTJISZL,X,X,X,X,X
TOTJIZLS,X,X,X,X,X
TOTJIZSL,X,X,X,X,X
TOTJLISZ,X,X,X,X,X
TOTJLIZS,X,X,X,X,X
TOTJLSIZ,X,X,X,X,X
TOTJLSZI,X,X,X,X,X
TOTJLZIS,X,X,X,X,X
TOTJLZSI,X,X,X,X,X
TOTJSILZ,X,X,X,X,X
TOTJSIZL,X,X,X,X,X
TOTJSLIZ,X,X,X,X,X
TOTJSLZI,X,X,X,X,X
TOTJSZIL,X,X,X,X,X
TOTJSZLI,X,X,X,X,X
TOTJZILS,X,X,X,X,X
TOTJZISL,X,X,X,X,X
TOTJZLIS,X,X,X,X,X
TOTJZLSI,X,X,X,X,X
TOTJZSIL,X,X,X,X,X
TOTJZSLI,X,X,X,X,X
TOTSILJZ,X,X,X,X,X
TOTSILZJ,X,X,X,X,X
TOTSIJLZ,X,X,X,X,X
TOTSIJZL,X,X,X,X,X
TOTSIZLJ,X,X,X,X,X
TOTSIZJL,X,X,X,X,X
TOTSLIJZ,X,X,X,X,X
TOTSLIZJ,X,X,X,X,X
TOTSLJIZ,X,X,X,X,X
TOTSLJZI,X,X,X,X,X
TOTSLZIJ,X,X,X,X,X
TOTSLZJI,X,X,X,X,X
TOTSJILZ,X,X,X,X,X
TOTSJIZL,X,X,X,X,X
TOTSJLIZ,X,X,X,X,X
TOTSJLZI,X,X,X,X,X
TOTSJZIL,X,X,X,X,X
TOTSJZLI,X,X,X,X,X
TOTSZILJ,X,X,X,X,X
TOTSZIJL,X,X,X,X,X
TOTSZLIJ,X,X,X,X,X
TOTSZLJI,X,X,X,X,X
TOTSZJIL,X,X,X,X,X
TOTSZJLI,X,X,X,X,X
TOTZILJS,X,X,X,X,X
TOTZILSJ,X,X,X,X,X
TOTZIJLS,X,X,X,X,X
TOTZIJSL,X,X,X,X,X
TOTZISLJ,X,X,X,X,X
TOTZISJL,X,X,X,X,X
TOTZLIJS,X,X,X,X,X
TOTZLISJ,X,X,X,X,X
TOTZLJIS,X,X,X,X,X
TOTZLJSI,X,X,X,X,X
TOTZLSIJ,X,X,X,X,X
TOTZLSJI,X,X,X,X,X
TOTZJILS,X,X,X,X,X
TOTZJISL,X,X,X,X,X
TOTZJLIS,X,X,X,X,X
TOTZJLSI,X,X,X,X,X
TOTZJSIL,X,X,X,X,X
TOTZJSLI,X,X,X,X,X
TOTZSILJ,X,X,X,X,X
TOTZSIJL,X,X,X,X,X
TOTZSLIJ,X,X,X,X,X
TOTZSLJI,X,X,X,X,X
TOTZSJIL,X,X,X,X,X
TOTZSJLI,X,X,X,X,X
TOITLJSZ,X,X,X,X,X
TOITLJZS,X,X,X,X,X
TOITLSJZ,X,X,X,X,X
TOITLSZJ,X,X,X,X,X
TOITLZJS,X,X,X,X,X
TOITLZSJ,X,X,X,X,X
TOITJLSZ,X,X,X,X,X
TOITJLZS,X,X,X,X,X
TOITJSLZ,X,X,X,X,X
TOITJSZL,X,X,X,X,X
TOITJZLS,X,X,X,X,X
TOITJZSL,X,X,X,X,X
TOITSLJZ,X,X,X,X,X
TOITSLZJ,X,X,X,X,X
TOITSJLZ,X,X,X,X,X
TOITSJZL,X,X,X,X,X
TOITSZLJ,X,X,X,X,X
TOITSZJL,X,X,X,X,X
TOITZLJS,X,X,X,X,X
TOITZLSJ,X,X,X,X,X
TOITZJLS,X,X,X,X,X
TOITZJSL,X,X,X,X,X
TOITZSLJ,X,X,X,X,X
TOITZSJL,X,X,X,X,X
TOILTJSZ,X,X,X,X,X
TOILTJZS,X,X,X,X,X
TOILTSJZ,X,X,X,X,X
TOILTSZJ,X,X,X,X,X
TOILTZJS,X,X,X,X,X
TOILTZSJ,X,X,X,X,X
TOILJTSZ,X,X,X,X,X
TOILJTZS,X,X,X,X,X
TOILJSTZ,X,X,X,X,X
TOILJSZT,X,X,X,X,X
TOILJZTS,X,X,X,X,X
TOILJZST,X,X,X,X,X
TOILSTJZ,X,X,X,X,X
TOILSTZJ,X,X,X,X,X
TOILSJTZ,X,X,X,X,X
TOILSJZT,X,X,X,X,X
TOILSZTJ,X,X,X,X,X
TOILSZJT,X,X,X,X,X
TOILZTJS,X,X,X,X,X
TOILZTSJ,X,X,X,X,X
TOILZJTS,X,X,X,X,X
TOILZJST,X,X,X,X,X
TOILZSTJ,X,X,X,X,X
TOILZSJT,X,X,X,X,X
TOIJTLSZ,X,X,X,X,X
TOIJTLZS,X,X,X,X,X
TOIJTSLZ,X,X,X,X,X
TOIJTSZL,X,X,X,X,X
TOIJTZLS,X,X,X,X,X
TOIJTZSL,X,X,X,X,X
TOIJLTSZ,X,X,X,X,X
TOIJLTZS,X,X,X,X,X
TOIJLSTZ,X,X,X,X,X
TOIJLSZT,X,X,X,X,X
TOIJLZTS,X,X,X,X,X
TOIJLZST,X,X,X,X,X
TOIJSTLZ,X,X,X,X,X
TOIJSTZL,X,X,X,X,X
TOIJSLTZ,X,X,X,X,X
TOIJSLZT,X,X,X,X,X
TOIJSZTL,X,X,X,X,X
TOIJSZLT,X,X,X,X,X
TOIJZTLS,X,X,X,X,X
TOIJZTSL,X,X,X,X,X
TOIJZLTS,X,X,X,X,X
TOIJZLST,X,X,X,X,X
TOIJZSTL,X,X,X,X,X
TOIJZSLT,X,X,X,X,X
TOISTLJZ,X,X,X,X,X
TOISTLZJ,X,X,X,X,X
TOISTJLZ,X,X,X,X,X
TOISTJZL,X,X,X,X,X
TOISTZLJ,X,X,X,X,X
TOISTZJL,X,X,X,X,X
TOISLTJZ,X,X,X,X,X
TOISLTZJ,X,X,X,X,X
TOISLJTZ,X,X,X,X,X
TOISLJZT,X,X,X,X,X
TOISLZTJ,X,X,X,X,X
TOISLZJT,X,X,X,X,X
TOISJTLZ,X,X,X,X,X
TOISJTZL,X,X,X,X,X
TOISJLTZ,X,X,X,X,X
TOISJLZT,X,X,X,X,X
TOISJZTL,X,X,X,X,X
TOISJZLT,X,X,X,X,X
TOISZTLJ,X,X,X,X,X
TOISZTJL,X,X,X,X,X
TOISZLTJ,X,X,X,X,X
TOISZLJT,X,X,X,X,X
TOISZJTL,X,X,X,X,X
TOISZJLT,X,X,X,X,X
TOIZTLJS,X,X,X,X,X
TOIZTLSJ,X,X,X,X,X
TOIZTJLS,X,X,X,X,X
TOIZTJSL,X,X,X,X,X
TOIZTSLJ,X,X,X,X,X
TOIZTSJL,X,X,X,X,X
TOIZLTJS,X,X,X,X,X
TOIZLTSJ,X,X,X,X,X
TOIZLJTS,X,X,X,X,X
TOIZLJST,X,X,X,X,X
TOIZLSTJ,X,X,X,X,X
TOIZLSJT,X,X,X,X,X
TOIZJTLS,X,X,X,X,X
TOIZJTSL,X,X,X,X,X
TOIZJLTS,X,X,X,X,X
TOIZJLST,X,X,X,X,X
TOIZJSTL,X,X,X,X,X
TOIZJSLT,X,X,X,X,X
TOIZSTLJ,X,X,X,X,X
TOIZSTJL,X,X,X,X,X
TOIZSLTJ,X,X,X,X,X
TOIZSLJT,X,X,X,X,X
TOIZSJTL,X,X,X,X,X
TOIZSJLT,X,X,X,X,X
TOLTIJSZ,X,X,X,X,X
TOLTIJZS,X,X,X,X,X
TOLTISJZ,X,X,X,X,X
TOLTISZJ,X,X,X,X,X
TOLTIZJS,X,X,X,X,X
TOLTIZSJ,X,X,X,X,X
TOLTJISZ,X,X,X,X,X
TOLTJIZS,X,X,X,X,X
TOLTJSIZ,X,X,X,X,X
TOLTJSZI,X,X,X,X,X
TOLTJZIS,X,X,X,X,X
TOLTJZSI,X,X,X,X,X
TOLTSIJZ,X,X,X,X,X
TOLTSIZJ,X,X,X,X,X
TOLTSJIZ,X,X,X,X,X
TOLTSJZI,X,X,X,X,X
TOLTSZIJ,X,X,X,X,X
TOLTSZJI,X,X,X,X,X
TOLTZIJS,X,X,X,X,X
TOLTZISJ,X,X,X,X,X
TOLTZJIS,X,X,X,X,X
TOLTZJSI,X,X,X,X,X
TOLTZSIJ,X,X,X,X,X
TOLTZSJI,X,X,X,X,X
TOLITJSZ,X,X,X,X,X
TOLITJZS,X,X,X,X,X
TOLITSJZ,X,X,X,X,X
TOLITSZJ,X,X,X,X,X
TOLITZJS,X,X,X,X,X
TOLITZSJ,X,X,X,X,X
TOLIJTSZ,X,X,X,X,X
TOLIJTZS,X,X,X,X,X
TOLIJSTZ,X,X,X,X,X
TOLIJSZT,X,X,X,X,X
TOLIJZTS,X,X,X,X,X
TOLIJZST,X,X,X,X,X
TOLISTJZ,X,X,X,X,X
TOLISTZJ,X,X,X,X,X
TOLISJTZ,X,X,X,X,X
TOLISJZT,X,X,X,X,X
TOLISZTJ,X,X,X,X,X
TOLISZJT,X,X,X,X,X
TOLIZTJS,X,X,X,X,X
TOLIZTSJ,X,X,X,X,X
TOLIZJTS,X,X,X,X,X
TOLIZJST,X,X,X,X,X
TOLIZSTJ,X,X,X,X,X
TOLIZSJT,X,X,X,X,X
TOLJTISZ,X,X,X,X,X
TOLJTIZS,X,X,X,X,X
TOLJTSIZ,X,X,X,X,X
TOLJTSZI,X,X,X,X,X
TOLJTZIS,X,X,X,X,X
TOLJTZSI,X,X,X,X,X
TOLJITSZ,X,X,X,X,X
TOLJITZS,X,X,X,X,X
TOLJISTZ,X,X,X,X,X
TOLJISZT,X,X,X,X,X
TOLJIZTS,X,X,X,X,X
TOLJIZST,X,X,X,X,X
TOLJSTIZ,X,X,X,X,X
TOLJSTZI,X,X,X,X,X
TOLJSITZ,X,X,X,X,X
TOLJSIZT,X,X,X,X,X
TOLJSZTI,X,X,X,X,X
TOLJSZIT,X,X,X,X,X
TOLJZTIS,X,X,X,X,X
TOLJZTSI,X,X,X,X,X
TOLJZITS,X,X,X,X,X
TOLJZIST,X,X,X,X,X
TOLJZSTI,X,X,X,X,X
TOLJZSIT,X,X,X,X,X
TOLSTIJZ,X,X,X,X,X
TOLSTIZJ,X,X,X,X,X
TOLSTJIZ,X,X,X,X,X
TOLSTJZI,X,X,X,X,X
TOLSTZIJ,X,X,X,X,X
TOLSTZJI,X,X,X,X,X
TOLSITJZ,X,X,X,X,X
TOLSITZJ,X,X,X,X,X
TOLSIJTZ,X,X,X,X,X
TOLSIJZT,X,X,X,X,X
TOLSIZTJ,X,X,X,X,X
TOLSIZJT,X,X,X,X,X
TOLSJTIZ,X,X,X,X,X
TOLSJTZI,X,X,X,X,X
TOLSJITZ,X,X,X,X,X
TOLSJIZT,X,X,X,X,X
TOLSJZTI,X,X,X,X,X
TOLSJZIT,X,X,X,X,X
TOLSZTIJ,X,X,X,X,X
TOLSZTJI,X,X,X,X,X
TOLSZITJ,X,X,X,X,X
TOLSZIJT,X,X,X,X,X
TOLSZJTI,X,X,X,X,X
TOLSZJIT,X,X,X,X,X
TOLZTIJS,X,X,X,X,X
TOLZTISJ,X,X,X,X,X
TOLZTJIS,X,X,X,X,X
TOLZTJSI,X,X,X,X,X
TOLZTSIJ,X,X,X,X,X
TOLZTSJI,X,X,X,X,X
TOLZITJS,X,X,X,X,X
TOLZITSJ,X,X,X,X,X
TOLZIJTS,X,X,X,X,X
TOLZIJST,X,X,X,X,X
TOLZISTJ,X,X,X,X,X
TOLZISJT,X,X,X,X,X
TOLZJTIS,X,X,X,X,X
TOLZJTSI,X,X,X,X,X
TOLZJITS,X,X,X,X,X
TOLZJIST,X,X,X,X,X
TOLZJSTI,X,X,X,X,X
TOLZJSIT,X,X,X,X,X
TOLZSTIJ,X,X,X,X,X
TOLZSTJI,X,X,X,X,X
TOLZSITJ,X,X,X,X,X
TOLZSIJT,X,X,X,X,X
TOLZSJTI,X,X,X,X,X
TOLZSJIT,X,X,X,X,X
TOJTILSZ,X,X,X,X,X
TOJTILZS,X,X,X,X,X
TOJTISLZ,X,X,X,X,X
TOJTISZL,X,X,X,X,X
TOJTIZLS,X,X,X,X,X
TOJTIZSL,X,X,X,X,X
TOJTLISZ,X,X,X,X,X
TOJTLIZS,X,X,X,X,X
TOJTLSIZ,X,X,X,X,X
TOJTLSZI,X,X,X,X,X
TOJTLZIS,X,X,X,X,X
TOJTLZSI,X,X,X,X,X
TOJTSILZ,X,X,X,X,X
TOJTSIZL,X,X,X,X,X
TOJTSLIZ,X,X,X,X,X
TOJTSLZI,X,X,X,X,X
TOJTSZIL,X,X,X,X,X
TOJTSZLI,X,X,X,X,X
TOJTZILS,X,X,X,X,X
TOJTZISL,X,X,X,X,X
TOJTZLIS,X,X,X,X,X
TOJTZLSI,X,X,X,X,X
TOJTZSIL,X,X,X,X,X
TOJTZSLI,X,X,X,X,X
TOJITLSZ,X,X,X,X,X
TOJITLZS,X,X,X,X,X
TOJITSLZ,X,X,X,X,X
TOJITSZL,X,X,X,X,X
TOJITZLS,X,X,X,X,X
TOJITZSL,X,X,X,X,X
TOJILTSZ,X,X,X,X,X
TOJILTZS,X,X,X,X,X
TOJILSTZ,X,X,X,X,X
TOJILSZT,X,X,X,X,X
TOJILZTS,X,X,X,X,X
TOJILZST,X,X,X,X,X
TOJISTLZ,X,X,X,X,X
TOJISTZL,X,X,X,X,X
TOJISLTZ,X,X,X,X,X
TOJISLZT,X,X,X,X,X
TOJISZTL,X,X,X,X,X
TOJISZLT,X,X,X,X,X
TOJIZTLS,X,X,X,X,X
TOJIZTSL,X,X,X,X,X
TOJIZLTS,X,X,X,X,X
TOJIZLST,X,X,X,X,X
TOJIZSTL,X,X,X,X,X
TOJIZSLT,X,X,X,X,X
TOJLTISZ,X,X,X,X,X
TOJLTIZS,X,X,X,X,X
TOJLTSIZ,X,X,X,X,X
TOJLTSZI,X,X,X,X,X
TOJLTZIS,X,X,X,X,X
TOJLTZSI,X,X,X,X,X
TOJLITSZ,X,X,X,X,X
TOJLITZS,X,X,X,X,X
TOJLISTZ,X,X,X,X,X
TOJLISZT,X,X,X,X,X
TOJLIZTS,X,X,X,X,X
TOJLIZST,X,X,X,X,X
TOJLSTIZ,X,X,X,X,X
TOJLSTZI,X,X,X,X,X
TOJLSITZ,X,X,X,X,X
TOJLSIZT,X,X,X,X,X
TOJLSZTI,X,X,X,X,X
TOJLSZIT,X,X,X,X,X
TOJLZTIS,X,X,X,X,X
TOJLZTSI,X,X,X,X,X
TOJLZITS,X,X,X,X,X
TOJLZIST,X,X,X,X,X
TOJLZSTI,X,X,X,X,X
TOJLZSIT,X,X,X,X,X
TOJSTILZ,X,X,X,X,X
TOJSTIZL,X,X,X,X,X
TOJSTLIZ,X,X,X,X,X
TOJSTLZI,X,X,X,X,X
TOJSTZIL,X,X,X,X,X
TOJSTZLI,X,X,X,X,X
TOJSITLZ,X,X,X,X,X
TOJSITZL,X,X,X,X,X
TOJSILTZ,X,X,X,X,X
TOJSILZT,X,X,X,X,X
TOJSIZTL,X,X,X,X,X
TOJSIZLT,X,X,X,X,X
TOJSLTIZ,X,X,X,X,X
TOJSLTZI,X,X,X,X,X
TOJSLITZ,X,X,X,X,X
TOJSLIZT,X,X,X,X,X
TOJSLZTI,X,X,X,X,X
TOJSLZIT,X,X,X,X,X
TOJSZTIL,X,X,X,X,X
TOJSZTLI,X,X,X,X,X
TOJSZITL,X,X,X,X,X
TOJSZILT,X,X,X,X,X
TOJSZLTI,X,X,X,X,X
TOJSZLIT,X,X,X,X,X
TOJZTILS,X,X,X,X,X
TOJZTISL,X,X,X,X,X
TOJZTLIS,X,X,X,X,X
TOJZTLSI,X,X,X,X,X
TOJZTSIL,X,X,X,X,X
TOJZTSLI,X,X,X,X,X
TOJZITLS,X,X,X,X,X
TOJZITSL,X,X,X,X,X
TOJZILTS,X,X,X,X,X
TOJZILST,X,X,X,X,X
TOJZISTL,X,X,X,X,X
TOJZISLT,X,X,X,X,X
TOJZLTIS,X,X,X,X,X
TOJZLTSI,X,X,X,X,X
TOJZLITS,X,X,X,X,X
TOJZLIST,X,X,X,X,X
TOJZLSTI,X,X,X,X,X
TOJZLSIT,X,X,X,X,X
TOJZSTIL,X,X,X,X,X
TOJZSTLI,X,X,X,X,X
TOJZSITL,X,X,X,X,X
TOJZSILT,X,X,X,X,X
TOJZSLTI,X,X,X,X,X
TOJZSLIT,X,X,X,X,X
TOSTILJZ,X,X,X,X,X
TOSTILZJ,X,X,X,X,X
TOSTIJLZ,X,X,X,X,X
TOSTIJZL,X,X,X,X,X
TOSTIZLJ,X,X,X,X,X
TOSTIZJL,X,X,X,X,X
TOSTLIJZ,X,X,X,X,X
TOSTLIZJ,X,X,X,X,X
TOSTLJIZ,X,X,X,X,X
TOSTLJZI,X,X,X,X,X
TOSTLZIJ,X,X,X,X,X
TOSTLZJI,X,X,X,X,X
TOSTJILZ,X,X,X,X,X
TOSTJIZL,X,X,X,X,X
TOSTJLIZ,X,X,X,X,X
TOSTJLZI,X,X,X,X,X
TOSTJZIL,X,X,X,X,X
TOSTJZLI,X,X,X,X,X
TOSTZILJ,X,X,X,X,X
TOSTZIJL,X,X,X,X,X
TOSTZLIJ,X,X,X,X,X
TOSTZLJI,X,X,X,X,X
TOSTZJIL,X,X,X,X,X
TOSTZJLI,X,X,X,X,X
TOSITLJZ,X,X,X,X,X
TOSITLZJ,X,X,X,X,X
TOSITJLZ,X,X,X,X,X
TOSITJZL,X,X,X,X,X
TOSITZLJ,X,X,X,X,X
TOSITZJL,X,X,X,X,X
TOSILTJZ,X,X,X,X,X
TOSILTZJ,X,X,X,X,X
TOSILJTZ,X,X,X,X,X
TOSILJZT,X,X,X,X,X
TOSILZTJ,X,X,X,X,X
TOSILZJT,X,X,X,X,X
TOSIJTLZ,X,X,X,X,X
TOSIJTZL,X,X,X,X,X
TOSIJLTZ,X,X,X,X,X
TOSIJLZT,X,X,X,X,X
TOSIJZTL,X,X,X,X,X
TOSIJZLT,X,X,X,X,X
TOSIZTLJ,X,X,X,X,X
TOSIZTJL,X,X,X,X,X
TOSIZLTJ,X,X,X,X,X
TOSIZLJT,X,X,X,X,X
TOSIZJTL,X,X,X,X,X
TOSIZJLT,X,X,X,X,X
TOSLTIJZ,X,X,X,X,X
TOSLTIZJ,X,X,X,X,X
TOSLTJIZ,X,X,X,X,X
TOSLTJZI,X,X,X,X,X
TOSLTZIJ,X,X,X,X,X
TOSLTZJI,X,X,X,X,X
TOSLITJZ,X,X,X,X,X
TOSLITZJ,X,X,X,X,X
TOSLIJTZ,X,X,X,X,X
TOSLIJZT,X,X,X,X,X
TOSLIZTJ,X,X,X,X,X
TOSLIZJT,X,X,X,X,X
TOSLJTIZ,X,X,X,X,X
TOSLJTZI,X,X,X,X,X
TOSLJITZ,X,X,X,X,X
TOSLJIZT,X,X,X,X,X
TOSLJZTI,X,X,X,X,X
TOSLJZIT,X,X,X,X,X
TOSLZTIJ,X,X,X,X,X
TOSLZTJI,X,X,X,X,X
TOSLZITJ,X,X,X,X,X
TOSLZIJT,X,X,X,X,X
TOSLZJTI,X,X,X,X,X
TOSLZJIT,X,X,X,X,X
TOSJTILZ,X,X,X,X,X
TOSJTIZL,X,X,X,X,X
TOSJTLIZ,X,X,X,X,X
TOSJTLZI,X,X,X,X,X
TOSJTZIL,X,X,X,X,X
TOSJTZLI,X,X,X,X,X
TOSJITLZ,X,X,X,X,X
TOSJITZL,X,X,X,X,X
TOSJILTZ,X,X,X,X,X
TOSJILZT,X,X,X,X,X
TOSJIZTL,X,X,X,X,X
TOSJIZLT,X,X,X,X,X
TOSJLTIZ,X,X,X,X,X
TOSJLTZI,X,X,X,X,X
TOSJLITZ,X,X,X,X,X
TOSJLIZT,X,X,X,X,X
TOSJLZTI,X,X,X,X,X
TOSJLZIT,X,X,X,X,X
TOSJZTIL,X,X,X,X,X
TOSJZTLI,X,X,X,X,X
TOSJZITL,X,X,X,X,X
TOSJZILT,X,X,X,X,X
TOSJZLTI,X,X,X,X,X
TOSJZLIT,X,X,X,X,X
TOSZTILJ,X,X,X,X,X
TOSZTIJL,X,X,X,X,X
TOSZTLIJ,X,X,X,X,X
TOSZTLJI,X,X,X,X,X
TOSZTJIL,X,X,X,X,X
TOSZTJLI,X,X,X,X,X
TOSZITLJ,X,X,X,X,X
TOSZITJL,X,X,X,X,X
TOSZILTJ,X,X,X,X,X
TOSZILJT,X,X,X,X,X
TOSZIJTL,X,X,X,X,X
TOSZIJLT,X,X,X,X,X
TOSZLTIJ,X,X,X,X,X
TOSZLTJI,X,X,X,X,X
TOSZLITJ,X,X,X,X,X
TOSZLIJT,X,X,X,X,X
TOSZLJTI,X,X,X,X,X
TOSZLJIT,X,X,X,X,X
TOSZJTIL,X,X,X,X,X
TOSZJTLI,X,X,X,X,X
TOSZJITL,X,X,X,X,X
TOSZJILT,X,X,X,X,X
TOSZJLTI,X,X,X,X,X
TOSZJLIT,X,X,X,X,X
TOZTILJS,X,X,X,X,X
TOZTILSJ,X,X,X,X,X
TOZTIJLS,X,X,X,X,X
TOZTIJSL,X,X,X,X,X
TOZTISLJ,X,X,X,X,X
TOZTISJL,X,X,X,X,X
TOZTLIJS,X,X,X,X,X
TOZTLISJ,X,X,X,X,X
TOZTLJIS,X,X,X,X,X
TOZTLJSI,X,X,X,X,X
TOZTLSIJ,X,X,X,X,X
TOZTLSJI,X,X,X,X,X
TOZTJILS,X,X,X,X,X
TOZTJISL,X,X,X,X,X
TOZTJLIS,X,X,X,X,X
TOZTJLSI,X,X,X,X,X
TOZTJSIL,X,X,X,X,X
TOZTJSLI,X,X,X,X,X
TOZTSILJ,X,X,X,X,X
TOZTSIJL,X,X,X,X,X
TOZTSLIJ,X,X,X,X,X
TOZTSLJI,X,X,X,X,X
TOZTSJIL,X,X,X,X,X
TOZTSJLI,X,X,X,X,X
TOZITLJS,X,X,X,X,X
TOZITLSJ,X,X,X,X,X
TOZITJLS,X,X,X,X,X
TOZITJSL,X,X,X,X,X
TOZITSLJ,X,X,X,X,X
TOZITSJL,X,X,X,X,X
TOZILTJS,X,X,X,X,X
TOZILTSJ,X,X,X,X,X
TOZILJTS,X,X,X,X,X
TOZILJST,X,X,X,X,X
TOZILSTJ,X,X,X,X,X
TOZILSJT,X,X,X,X,X
TOZIJTLS,X,X,X,X,X
TOZIJTSL,X,X,X,X,X
TOZIJLTS,X,X,X,X,X
TOZIJLST,X,X,X,X,X
TOZIJSTL,X,X,X,X,X
TOZIJSLT,X,X,X,X,X
TOZISTLJ,X,X,X,X,X
TOZISTJL,X,X,X,X,X
TOZISLTJ,X,X,X,X,X
TOZISLJT,X,X,X,X,X
TOZISJTL,X,X,X,X,X
TOZISJLT,X,X,X,X,X
TOZLTIJS,X,X,X,X,X
TOZLTISJ,X,X,X,X,X
TOZLTJIS,X,X,X,X,X
TOZLTJSI,X,X,X,X,X
TOZLTSIJ,X,X,X,X,X
TOZLTSJI,X,X,X,X,X
TOZLITJS,X,X,X,X,X
TOZLITSJ,X,X,X,X,X
TOZLIJTS,X,X,X,X,X
TOZLIJST,X,X,X,X,X
TOZLISTJ,X,X,X,X,X
TOZLISJT,X,X,X,X,X
TOZLJTIS,X,X,X,X,X
TOZLJTSI,X,X,X,X,X
TOZLJITS,X,X,X,X,X
TOZLJIST,X,X,X,X,X
TOZLJSTI,X,X,X,X,X
TOZLJSIT,X,X,X,X,X
TOZLSTIJ,X,X,X,X,X
TOZLSTJI,X,X,X,X,X
TOZLSITJ,X,X,X,X,X
TOZLSIJT,X,X,X,X,X
TOZLSJTI,X,X,X,X,X
TOZLSJIT,X,X,X,X,X
TOZJTILS,X,X,X,X,X
TOZJTISL,X,X,X,X,X
TOZJTLIS,X,X,X,X,X
TOZJTLSI,X,X,X,X,X
TOZJTSIL,X,X,X,X,X
TOZJTSLI,X,X,X,X,X
TOZJITLS,X,X,X,X,X
TOZJITSL,X,X,X,X,X
TOZJILTS,X,X,X,X,X
TOZJILST,X,X,X,X,X
TOZJISTL,X,X,X,X,X
TOZJISLT,X,X,X,X,X
TOZJLTIS,X,X,X,X,X
TOZJLTSI,X,X,X,X,X
TOZJLITS,X,X,X,X,X
TOZJLIST,X,X,X,X,X
TOZJLSTI,X,X,X,X,X
TOZJLSIT,X,X,X,X,X
TOZJSTIL,X,X,X,X,X
TOZJSTLI,X,X,X,X,X
TOZJSITL,X,X,X,X,X
TOZJSILT,X,X,X,X,X
TOZJSLTI,X,X,X,X,X
TOZJSLIT,X,X,X,X,X
TOZSTILJ,X,X,X,X,X
TOZSTIJL,X,X,X,X,X
TOZSTLIJ,X,X,X,X,X
TOZSTLJI,X,X,X,X,X
TOZSTJIL,X,X,X,X,X
TOZSTJLI,X,X,X,X,X
TOZSITLJ,X,X,X,X,X
TOZSITJL,X,X,X,X,X
TOZSILTJ,X,X,X,X,X
TOZSILJT,X,X,X,X,X
TOZSIJTL,X,X,X,X,X
TOZSIJLT,X,X,X,X,X
TOZSLTIJ,X,X,X,X,X
TOZSLTJI,X,X,X,X,X
TOZSLITJ,X,X,X,X,X
TOZSLIJT,X,X,X,X,X
TOZSLJTI,X,X,X,X,X
TOZSLJIT,X,X,X,X,X
TOZSJTIL,X,X,X,X,X
TOZSJTLI,X,X,X,X,X
TOZSJITL,X,X,X,X,X
TOZSJILT,X,X,X,X,X
TOZSJLTI,X,X,X,X,X
TOZSJLIT,X,X,X,X,X
